portid,portname,country,ISO3,continent,fullname,lat,lon,vessel_count_total,vessel_count_container,vessel_count_dry_bulk,vessel_count_general_cargo,vessel_count_RoRo,vessel_count_tanker,industry_top1,industry_top2,industry_top3,share_country_maritime_import,share_country_maritime_export,LOCODE,pageid,countrynoaccents,ObjectId
port5,Abu Dhabi,United Arab Emirates,ARE,Asia & Pacific,"Abu Dhabi, United Arab Emirates",24.61243288,54.563683,1103,4,143,852,9,95,Mineral Products,Metals,Vegetable Products,1.86,0.53,AE AUH,ff2af6b07d6a4ba1bd80b99ae32b1176,United Arab Emirates,53
port13,Ajman,United Arab Emirates,ARE,Asia & Pacific,"Ajman, United Arab Emirates",25.41978684,55.45367849,363,259,0,76,0,28,Prepared Foodstuffs & Beverages,Vegetable Products,Wood & Wood Products,0.19,0.01,AE AJM,573edce8b77b4cc0b248cd398f20d45d,United Arab Emirates,55
port22,Al Hamriyah LPG Terminal,United Arab Emirates,ARE,Asia & Pacific,"Al Hamriyah LPG Terminal, United Arab Emirates",25.46752849,55.49501172,1194,10,107,94,4,979,Mineral Products,Chemical & Allied Industries,Vegetable Products,5.23,1.92,AE HAM,6fd6b4ba2ecd41d5b392ba77452be856,United Arab Emirates,57
port72,Sharjah,United Arab Emirates,ARE,Asia & Pacific,"Sharjah, United Arab Emirates",25.36312735,55.37623329,1364,375,146,320,22,501,Mineral Products,Vegetable Products,Chemical & Allied Industries,1.88,1.23,AE SHJ,36acd1e3c9f94f0c95cff8bce18fcefb,United Arab Emirates,59
port306,Dubai,United Arab Emirates,ARE,Asia & Pacific,"Dubai, United Arab Emirates",25.27337362,55.290821,1752,123,49,1091,100,389,Mineral Products,Chemical & Allied Industries,Vegetable Products,0.39,1.89,AE DXB,e3b0e79699954abe82fa561e6a6d7a2b,United Arab Emirates,61
port362,Fujairah,United Arab Emirates,ARE,Asia & Pacific,"Al Fujayrah, United Arab Emirates",25.20017278,56.35942059,3462,8,267,22,0,3165,Mineral Products,Chemical & Allied Industries,"Plastics, Rubber, Leather",17.66,19.23,,18e896cce55349e48d994f5ceef19bf0,United Arab Emirates,65
port512,Jabal Az Zannah-Ruways,United Arab Emirates,ARE,Asia & Pacific,"Jabal Az Zannah-Ruways, United Arab Emirates",24.12697586,52.71021364,1379,263,201,44,0,871,Mineral Products,Chemical & Allied Industries,"Plastics, Rubber, Leather",0.66,18.55,AE JED,3cf7e4a4ae10499bb41728f5b59ebe39,United Arab Emirates,67
port561,Khor Fakkan,United Arab Emirates,ARE,Asia & Pacific,"Khor Fakkan, United Arab Emirates",25.35368858,56.36875484,293,70,25,13,7,178,Machinery & Electrical Equipment,Vegetable Products,Textiles & Footwear,0.37,0.5,AE KLF,017374a2fdfb4fa7bec59e488274926d,United Arab Emirates,69
port744,Jebel Ali,United Arab Emirates,ARE,Asia & Pacific,"Jebel Ali, United Arab Emirates",24.99941947,55.07781687,7734,4495,464,939,463,1373,Mineral Products,Metals,Chemical & Allied Industries,61.48,34.39,AE JEA,d10ddc98bfee43949a09ea4d790a18f8,United Arab Emirates,71
port747,Mina Saqr,United Arab Emirates,ARE,Asia & Pacific,"Mina Saqr, United Arab Emirates",25.96728647,56.06305892,1467,174,891,286,0,116,Mineral Products,Chemical & Allied Industries,"Plastics, Rubber, Leather",1.6,16.48,AE MSA,51c2bcec1bfa48978500e2286b650ae0,United Arab Emirates,73
port1340,Umm al Qaiwain,United Arab Emirates,ARE,Asia & Pacific,"Umm al Qaiwain, United Arab Emirates",25.58810902,55.58024004,127,44,1,72,10,0,Mineral Products,Vegetable Products,Prepared Foodstuffs & Beverages,0.07,0.01,AE QIW,c2afc8fe64684437b66bc12dc319ec46,United Arab Emirates,75
port988,Port of Sohar,Oman,OMN,Asia & Pacific,"Port of Sohar, Oman",24.51168743,56.6127179,1967,505,544,107,187,624,Mineral Products,Chemical & Allied Industries,Metals,40.4,40.71,,b5873bd0723143629bfbb5b2b2d9fbf1,Oman,1165
port746,Salalah,Oman,OMN,Asia & Pacific,"Salalah, Oman",16.94229498,54.0083198,1645,1036,321,89,12,187,Mineral Products,Chemical & Allied Industries,Metals,55.55,49.25,OM SLL,0a2bfa1089ba4de095c16518fe105f4b,Oman,1352
port984,Duqm,Oman,OMN,Asia & Pacific,"Duqm, Oman",19.67066724,57.71736119,332,52,104,38,3,135,Mineral Products,Chemical & Allied Industries,Vegetable Products,2.36,4.31,OM DQM,ba93a51142b9432b9598845ca6d1b88f,Oman,1355
port2025,Khalifa Port,United Arab Emirates,ARE,Asia & Pacific,"Khalifa Port, United Arab Emirates",24.8063011338021,54.6931452546069,2299,1675,201,115,213,95,,,,8.58,3.01,AE KHL,b4c1e3755eb54d3f89d2f6470a7aa0e1,United Arab Emirates,1403
port2235,Zirku Island,United Arab Emirates,ARE,Asia & Pacific,"Zirku Island, United Arab Emirates",24.8851758085943,53.0746754938844,139,0,0,139,0,0,,,,0.01,0.01,AE ZUR,bf353bac76bc4734a65bc68499a6ef5f,United Arab Emirates,1490
port2236,Jebel Dhanna,United Arab Emirates,ARE,Asia & Pacific,"Jebel Dhanna, United Arab Emirates",24.174505328853,52.5910418293556,144,0,0,144,0,0,,,,0.01,0.0,AE JED,6d5cb6925ffc409faa4c5e08ea09e234,United Arab Emirates,1582
port2237,Das Island,United Arab Emirates,ARE,Asia & Pacific,"Das Island, United Arab Emirates",25.1459398379326,52.8754554358407,335,0,0,173,0,162,,,,0.03,2.22,AE DAS,528eb382fe5b45febb813a9435d2a35a,United Arab Emirates,1583
