grupo,segmento,ventana,metodo,WAPE_pct,sesgo_pct
Golfo EAU,Contenedores,A: mar-sep 2024,M1,9.71,-1.28
Golfo EAU,Contenedores,A: mar-sep 2024,M2,10.79,5.84
Golfo EAU,Contenedores,A: mar-sep 2024,M3,8.15,-2.67
Golfo EAU,Contenedores,A: mar-sep 2024,M4,8.26,-4.03
Golfo EAU,Contenedores,A: mar-sep 2024,M5,8.13,3.49
Golfo EAU,Contenedores,B: mar-sep 2025,M1,9.16,-0.09
Golfo EAU,Contenedores,B: mar-sep 2025,M2,14.99,12.95
Golfo EAU,Contenedores,B: mar-sep 2025,M3,8.66,-0.74
Golfo EAU,Contenedores,B: mar-sep 2025,M4,8.31,7.55
Golfo EAU,Contenedores,B: mar-sep 2025,M5,16.73,15.92
Golfo EAU,Contenedores,C: dic 2025-feb 2026,M1,10.6,-1.2
Golfo EAU,Contenedores,C: dic 2025-feb 2026,M2,10.66,-1.39
Golfo EAU,Contenedores,C: dic 2025-feb 2026,M3,10.61,-7.66
Golfo EAU,Contenedores,C: dic 2025-feb 2026,M4,8.43,-2.73
Golfo EAU,Contenedores,C: dic 2025-feb 2026,M5,9.08,1.18
Golfo EAU,No tanqueros,A: mar-sep 2024,M1,7.61,-1.97
Golfo EAU,No tanqueros,A: mar-sep 2024,M2,7.72,2.75
Golfo EAU,No tanqueros,A: mar-sep 2024,M3,7.92,-4.65
Golfo EAU,No tanqueros,A: mar-sep 2024,M4,6.36,-2.96
Golfo EAU,No tanqueros,A: mar-sep 2024,M5,7.4,-1.77
Golfo EAU,No tanqueros,B: mar-sep 2025,M1,6.68,0.2
Golfo EAU,No tanqueros,B: mar-sep 2025,M2,12.04,10.74
Golfo EAU,No tanqueros,B: mar-sep 2025,M3,6.36,-0.85
Golfo EAU,No tanqueros,B: mar-sep 2025,M4,7.35,5.98
Golfo EAU,No tanqueros,B: mar-sep 2025,M5,12.09,11.58
Golfo EAU,No tanqueros,C: dic 2025-feb 2026,M1,8.02,0.29
Golfo EAU,No tanqueros,C: dic 2025-feb 2026,M2,8.38,-2.89
Golfo EAU,No tanqueros,C: dic 2025-feb 2026,M3,8.74,-5.57
Golfo EAU,No tanqueros,C: dic 2025-feb 2026,M4,8.09,-4.88
Golfo EAU,No tanqueros,C: dic 2025-feb 2026,M5,7.41,-1.47
Golfo EAU,Tanqueros,A: mar-sep 2024,M1,16.32,0.97
Golfo EAU,Tanqueros,A: mar-sep 2024,M2,15.43,-8.0
Golfo EAU,Tanqueros,A: mar-sep 2024,M3,14.33,-5.61
Golfo EAU,Tanqueros,A: mar-sep 2024,M4,26.32,-26.32
Golfo EAU,Tanqueros,A: mar-sep 2024,M5,19.36,-16.17
Golfo EAU,Tanqueros,B: mar-sep 2025,M1,20.39,11.91
Golfo EAU,Tanqueros,B: mar-sep 2025,M2,23.78,17.81
Golfo EAU,Tanqueros,B: mar-sep 2025,M3,18.18,12.29
Golfo EAU,Tanqueros,B: mar-sep 2025,M4,16.8,-13.02
Golfo EAU,Tanqueros,B: mar-sep 2025,M5,18.27,12.44
Golfo EAU,Tanqueros,C: dic 2025-feb 2026,M1,21.93,-0.6
Golfo EAU,Tanqueros,C: dic 2025-feb 2026,M2,22.45,-5.91
Golfo EAU,Tanqueros,C: dic 2025-feb 2026,M3,17.48,1.03
Golfo EAU,Tanqueros,C: dic 2025-feb 2026,M4,13.33,1.16
Golfo EAU,Tanqueros,C: dic 2025-feb 2026,M5,15.88,-4.86
Golfo EAU,Total,A: mar-sep 2024,M1,8.08,-1.14
Golfo EAU,Total,A: mar-sep 2024,M2,8.2,0.16
Golfo EAU,Total,A: mar-sep 2024,M3,8.67,-4.92
Golfo EAU,Total,A: mar-sep 2024,M4,10.03,-9.55
Golfo EAU,Total,A: mar-sep 2024,M5,8.85,-5.52
Golfo EAU,Total,B: mar-sep 2025,M1,6.31,3.25
Golfo EAU,Total,B: mar-sep 2025,M2,12.96,12.85
Golfo EAU,Total,B: mar-sep 2025,M3,5.55,2.57
Golfo EAU,Total,B: mar-sep 2025,M4,5.41,1.03
Golfo EAU,Total,B: mar-sep 2025,M5,12.47,12.31
Golfo EAU,Total,C: dic 2025-feb 2026,M1,8.92,0.11
Golfo EAU,Total,C: dic 2025-feb 2026,M2,8.59,-3.56
Golfo EAU,Total,C: dic 2025-feb 2026,M3,7.57,-4.18
Golfo EAU,Total,C: dic 2025-feb 2026,M4,7.66,-3.61
Golfo EAU,Total,C: dic 2025-feb 2026,M5,7.11,-2.35
Costa este EAU,Contenedores,A: mar-sep 2024,M1,83.43,-70.33
Costa este EAU,Contenedores,A: mar-sep 2024,M2,280.1,175.88
Costa este EAU,Contenedores,A: mar-sep 2024,M3,78.41,-74.81
Costa este EAU,Contenedores,A: mar-sep 2024,M4,83.87,37.38
Costa este EAU,Contenedores,A: mar-sep 2024,M5,78.21,-36.73
Costa este EAU,Contenedores,B: mar-sep 2025,M1,167.85,94.59
Costa este EAU,Contenedores,B: mar-sep 2025,M2,114.41,2.73
Costa este EAU,Contenedores,B: mar-sep 2025,M3,118.53,26.02
Costa este EAU,Contenedores,B: mar-sep 2025,M4,86.91,43.03
Costa este EAU,Contenedores,B: mar-sep 2025,M5,115.98,20.35
Costa este EAU,Contenedores,C: dic 2025-feb 2026,M1,334.53,334.53
Costa este EAU,Contenedores,C: dic 2025-feb 2026,M2,80.02,3.91
Costa este EAU,Contenedores,C: dic 2025-feb 2026,M3,508.29,508.29
Costa este EAU,Contenedores,C: dic 2025-feb 2026,M4,114.31,39.81
Costa este EAU,Contenedores,C: dic 2025-feb 2026,M5,130.99,77.42
Costa este EAU,No tanqueros,A: mar-sep 2024,M1,54.15,11.97
Costa este EAU,No tanqueros,A: mar-sep 2024,M2,56.98,19.08
Costa este EAU,No tanqueros,A: mar-sep 2024,M3,43.87,11.1
Costa este EAU,No tanqueros,A: mar-sep 2024,M4,42.69,23.13
Costa este EAU,No tanqueros,A: mar-sep 2024,M5,47.29,22.81
Costa este EAU,No tanqueros,B: mar-sep 2025,M1,42.35,-20.3
Costa este EAU,No tanqueros,B: mar-sep 2025,M2,42.28,-5.1
Costa este EAU,No tanqueros,B: mar-sep 2025,M3,35.19,-16.0
Costa este EAU,No tanqueros,B: mar-sep 2025,M4,24.88,19.62
Costa este EAU,No tanqueros,B: mar-sep 2025,M5,36.39,2.9
Costa este EAU,No tanqueros,C: dic 2025-feb 2026,M1,24.24,1.28
Costa este EAU,No tanqueros,C: dic 2025-feb 2026,M2,24.75,-8.35
Costa este EAU,No tanqueros,C: dic 2025-feb 2026,M3,22.14,-13.43
Costa este EAU,No tanqueros,C: dic 2025-feb 2026,M4,31.76,-28.88
Costa este EAU,No tanqueros,C: dic 2025-feb 2026,M5,23.82,-17.01
Costa este EAU,Tanqueros,A: mar-sep 2024,M1,12.85,2.93
Costa este EAU,Tanqueros,A: mar-sep 2024,M2,12.6,-0.12
Costa este EAU,Tanqueros,A: mar-sep 2024,M3,12.12,4.63
Costa este EAU,Tanqueros,A: mar-sep 2024,M4,14.89,-11.06
Costa este EAU,Tanqueros,A: mar-sep 2024,M5,11.86,-4.26
Costa este EAU,Tanqueros,B: mar-sep 2025,M1,16.81,6.5
Costa este EAU,Tanqueros,B: mar-sep 2025,M2,30.48,24.78
Costa este EAU,Tanqueros,B: mar-sep 2025,M3,16.14,8.06
Costa este EAU,Tanqueros,B: mar-sep 2025,M4,14.34,10.33
Costa este EAU,Tanqueros,B: mar-sep 2025,M5,29.18,24.82
Costa este EAU,Tanqueros,C: dic 2025-feb 2026,M1,17.74,15.82
Costa este EAU,Tanqueros,C: dic 2025-feb 2026,M2,16.22,12.93
Costa este EAU,Tanqueros,C: dic 2025-feb 2026,M3,9.92,7.59
Costa este EAU,Tanqueros,C: dic 2025-feb 2026,M4,13.79,11.38
Costa este EAU,Tanqueros,C: dic 2025-feb 2026,M5,8.35,0.3
Costa este EAU,Total,A: mar-sep 2024,M1,14.98,4.07
Costa este EAU,Total,A: mar-sep 2024,M2,14.83,2.49
Costa este EAU,Total,A: mar-sep 2024,M3,13.14,5.45
Costa este EAU,Total,A: mar-sep 2024,M4,12.92,-6.74
Costa este EAU,Total,A: mar-sep 2024,M5,12.52,-0.66
Costa este EAU,Total,B: mar-sep 2025,M1,14.92,2.16
Costa este EAU,Total,B: mar-sep 2025,M2,25.87,20.02
Costa este EAU,Total,B: mar-sep 2025,M3,13.02,4.16
Costa este EAU,Total,B: mar-sep 2025,M4,14.03,11.84
Costa este EAU,Total,B: mar-sep 2025,M5,24.87,21.52
Costa este EAU,Total,C: dic 2025-feb 2026,M1,16.31,12.92
Costa este EAU,Total,C: dic 2025-feb 2026,M2,13.5,8.94
Costa este EAU,Total,C: dic 2025-feb 2026,M3,8.69,3.4
Costa este EAU,Total,C: dic 2025-feb 2026,M4,8.46,3.35
Costa este EAU,Total,C: dic 2025-feb 2026,M5,7.64,-3.24
Omán,Contenedores,A: mar-sep 2024,M1,26.67,10.54
Omán,Contenedores,A: mar-sep 2024,M2,22.72,-14.62
Omán,Contenedores,A: mar-sep 2024,M3,30.29,20.53
Omán,Contenedores,A: mar-sep 2024,M4,20.48,0.46
Omán,Contenedores,A: mar-sep 2024,M5,21.68,-5.15
Omán,Contenedores,B: mar-sep 2025,M1,32.03,-25.26
Omán,Contenedores,B: mar-sep 2025,M2,32.67,-26.98
Omán,Contenedores,B: mar-sep 2025,M3,27.81,-21.01
Omán,Contenedores,B: mar-sep 2025,M4,28.23,-27.25
Omán,Contenedores,B: mar-sep 2025,M5,34.17,-32.34
Omán,Contenedores,C: dic 2025-feb 2026,M1,34.67,-10.84
Omán,Contenedores,C: dic 2025-feb 2026,M2,33.82,3.68
Omán,Contenedores,C: dic 2025-feb 2026,M3,29.99,-7.76
Omán,Contenedores,C: dic 2025-feb 2026,M4,21.78,-0.62
Omán,Contenedores,C: dic 2025-feb 2026,M5,30.46,-3.87
Omán,No tanqueros,A: mar-sep 2024,M1,23.39,10.13
Omán,No tanqueros,A: mar-sep 2024,M2,23.05,-12.76
Omán,No tanqueros,A: mar-sep 2024,M3,21.52,12.9
Omán,No tanqueros,A: mar-sep 2024,M4,17.7,-8.69
Omán,No tanqueros,A: mar-sep 2024,M5,18.7,-10.19
Omán,No tanqueros,B: mar-sep 2025,M1,22.03,-14.28
Omán,No tanqueros,B: mar-sep 2025,M2,20.91,-0.31
Omán,No tanqueros,B: mar-sep 2025,M3,18.1,-10.48
Omán,No tanqueros,B: mar-sep 2025,M4,14.97,-11.8
Omán,No tanqueros,B: mar-sep 2025,M5,17.75,-8.63
Omán,No tanqueros,C: dic 2025-feb 2026,M1,22.09,4.27
Omán,No tanqueros,C: dic 2025-feb 2026,M2,22.0,3.39
Omán,No tanqueros,C: dic 2025-feb 2026,M3,14.96,-0.24
Omán,No tanqueros,C: dic 2025-feb 2026,M4,16.38,-3.06
Omán,No tanqueros,C: dic 2025-feb 2026,M5,16.45,-5.36
Omán,Tanqueros,A: mar-sep 2024,M1,35.02,20.89
Omán,Tanqueros,A: mar-sep 2024,M2,30.49,-0.77
Omán,Tanqueros,A: mar-sep 2024,M3,27.7,5.77
Omán,Tanqueros,A: mar-sep 2024,M4,23.62,-12.54
Omán,Tanqueros,A: mar-sep 2024,M5,27.79,-0.01
Omán,Tanqueros,B: mar-sep 2025,M1,26.82,-10.48
Omán,Tanqueros,B: mar-sep 2025,M2,27.62,-14.87
Omán,Tanqueros,B: mar-sep 2025,M3,23.97,-1.31
Omán,Tanqueros,B: mar-sep 2025,M4,28.38,-24.73
Omán,Tanqueros,B: mar-sep 2025,M5,25.6,-14.72
Omán,Tanqueros,C: dic 2025-feb 2026,M1,35.79,13.86
Omán,Tanqueros,C: dic 2025-feb 2026,M2,29.28,0.96
Omán,Tanqueros,C: dic 2025-feb 2026,M3,20.21,8.9
Omán,Tanqueros,C: dic 2025-feb 2026,M4,22.01,10.42
Omán,Tanqueros,C: dic 2025-feb 2026,M5,19.7,-5.53
Omán,Total,A: mar-sep 2024,M1,22.62,12.29
Omán,Total,A: mar-sep 2024,M2,19.5,-10.45
Omán,Total,A: mar-sep 2024,M3,18.65,11.47
Omán,Total,A: mar-sep 2024,M4,14.96,-9.46
Omán,Total,A: mar-sep 2024,M5,16.5,-8.52
Omán,Total,B: mar-sep 2025,M1,20.29,-13.54
Omán,Total,B: mar-sep 2025,M2,17.98,-3.12
Omán,Total,B: mar-sep 2025,M3,16.19,-8.71
Omán,Total,B: mar-sep 2025,M4,16.82,-14.29
Omán,Total,B: mar-sep 2025,M5,16.5,-9.6
Omán,Total,C: dic 2025-feb 2026,M1,18.69,5.85
Omán,Total,C: dic 2025-feb 2026,M2,18.02,2.73
Omán,Total,C: dic 2025-feb 2026,M3,13.57,1.27
Omán,Total,C: dic 2025-feb 2026,M4,14.94,-0.84
Omán,Total,C: dic 2025-feb 2026,M5,14.82,-5.55
