segmento,referencia,periodo,golfo_ref_Mt,golfo_act_Mt,este_ref_Mt,este_act_Mt,a_perdida_golfo_Mt,b_compensacion_este_Mt,b_perdida_propia_este_Mt,c_oman_acreditado_Mt,oman_dif_no_acreditada_Mt,d_brecha_residual_Mt,preservada_pct,ido_ref_pct,ido_act_pct,compensacion_pct_de_perdida
Contenedores,M1,2026-03-01 a 2026-09-25,117.915,13.981,0.519,5.17,103.934,4.65,0.0,0.0,-0.211,99.284,16.17,99.561,73.006,4.474
Contenedores,M2,2026-03-01 a 2026-09-25,122.416,13.981,0.101,5.17,108.435,5.069,0.0,0.0,-4.902,103.366,15.631,99.918,73.006,4.674
Contenedores,M3,2026-03-01 a 2026-09-25,117.979,13.981,0.765,5.17,103.998,4.405,0.0,0.0,4.027,99.594,16.127,99.356,73.006,4.235
Contenedores,M4,2026-03-01 a 2026-09-25,132.283,13.981,0.144,5.17,118.302,5.025,0.0,0.0,5.654,113.277,14.461,99.891,73.006,4.248
Contenedores,M5,2026-03-01 a 2026-09-25,130.313,13.981,0.103,5.17,116.332,5.067,0.0,0.0,0.016,111.265,14.684,99.921,73.006,4.355
Carga general + RoRo,M1,2026-03-01 a 2026-09-25,5.444,2.818,0.05,0.345,2.626,0.296,0.0,0.0,0.331,2.33,57.587,99.093,89.079,11.26
Carga general + RoRo,M3,2026-03-01 a 2026-09-25,5.285,2.818,0.047,0.345,2.468,0.299,0.0,0.0,0.267,2.169,59.329,99.127,89.079,12.114
Carga general + RoRo,M4,2026-03-01 a 2026-09-25,7.011,2.818,0.175,0.345,4.193,0.17,0.0,0.0,0.456,4.023,44.02,97.559,89.079,4.056
Carga general + RoRo,M5,2026-03-01 a 2026-09-25,7.684,2.818,0.336,0.345,4.866,0.01,0.0,0.0,0.502,4.857,39.444,95.815,89.079,0.202
Granel seco,M1,2026-03-01 a 2026-09-25,51.186,18.318,7.607,8.432,32.868,0.825,0.0,0.0,-5.457,32.043,45.499,87.062,68.479,2.51
Granel seco,M2,2026-03-01 a 2026-09-25,49.77,18.318,9.235,8.432,31.452,0.0,0.804,0.0,-1.898,32.255,45.335,84.348,68.479,0.0
Granel seco,M3,2026-03-01 a 2026-09-25,51.898,18.318,6.56,8.432,33.58,1.872,0.0,0.0,-4.918,31.708,45.759,88.778,68.479,5.574
Granel seco,M4,2026-03-01 a 2026-09-25,53.906,18.318,10.823,8.432,35.588,0.0,2.391,0.0,-3.444,37.979,41.326,83.28,68.479,0.0
Granel seco,M5,2026-03-01 a 2026-09-25,52.442,18.318,9.15,8.432,34.124,0.0,0.718,0.0,-4.943,34.841,43.431,85.145,68.479,0.0
Tanqueros,M1,2026-03-01 a 2026-09-25,61.941,18.02,42.42,13.69,43.922,0.0,28.731,0.0,-4.018,72.653,30.384,59.353,56.828,0.0
Tanqueros,M2,2026-03-01 a 2026-09-25,62.303,18.02,35.378,13.69,44.284,0.0,21.688,0.0,-3.574,65.972,32.462,63.782,56.828,0.0
Tanqueros,M3,2026-03-01 a 2026-09-25,65.523,18.02,43.974,13.69,47.503,0.0,30.285,0.0,-3.305,77.788,28.959,59.84,56.828,0.0
Tanqueros,M4,2026-03-01 a 2026-09-25,54.113,18.02,39.176,13.69,36.094,0.0,25.486,0.0,0.142,61.58,33.99,58.006,56.828,0.0
Tanqueros,M5,2026-03-01 a 2026-09-25,67.827,18.02,39.498,13.69,49.807,0.0,25.808,0.0,-2.535,75.616,29.545,63.198,56.828,0.0
No tanqueros,M1,2026-03-01 a 2026-09-25,174.545,35.117,8.176,13.947,139.428,5.771,0.0,0.0,-5.337,133.657,26.852,95.525,71.574,4.139
No tanqueros,M2,2026-03-01 a 2026-09-25,179.253,35.117,9.434,13.947,144.136,4.513,0.0,0.0,-4.764,139.622,26.003,95.0,71.574,3.131
No tanqueros,M3,2026-03-01 a 2026-09-25,175.163,35.117,7.372,13.947,140.046,6.575,0.0,0.0,-0.624,133.471,26.879,95.961,71.574,4.695
No tanqueros,M4,2026-03-01 a 2026-09-25,193.2,35.117,11.143,13.947,158.083,2.804,0.0,0.0,2.666,155.279,24.011,94.547,71.574,1.774
No tanqueros,M5,2026-03-01 a 2026-09-25,190.193,35.117,9.272,13.947,155.076,4.675,0.0,0.0,-4.097,150.4,24.598,95.352,71.574,3.015
Total,M1,2026-03-01 a 2026-09-25,236.486,53.136,50.597,27.637,183.35,0.0,22.96,0.0,-9.355,206.31,28.136,82.376,65.785,0.0
Total,M2,2026-03-01 a 2026-09-25,241.753,53.136,44.956,27.637,188.617,0.0,17.319,0.0,-8.376,205.937,28.172,84.32,65.785,0.0
Total,M3,2026-03-01 a 2026-09-25,240.685,53.136,51.346,27.637,187.549,0.0,23.709,0.0,-3.929,211.258,27.659,82.418,65.785,0.0
Total,M4,2026-03-01 a 2026-09-25,247.313,53.136,50.319,27.637,194.177,0.0,22.682,0.0,2.808,216.859,27.139,83.094,65.785,0.0
Total,M5,2026-03-01 a 2026-09-25,258.57,53.136,49.236,27.637,205.434,0.0,21.599,0.0,-6.759,227.033,26.242,84.004,65.785,0.0
