d,n_total,n_tanker,n_container,n_dry_bulk,n_general_cargo,n_roro
2019-01-06,360,224,55,63,9,9
2019-01-13,382,238,49,60,28,7
2019-01-20,382,230,56,61,22,13
2019-01-27,384,254,49,59,16,6
2019-02-03,374,237,50,54,24,9
2019-02-10,397,244,49,76,18,10
2019-02-17,394,240,52,75,17,10
2019-02-24,487,286,70,91,25,15
2019-03-03,411,245,55,84,13,14
2019-03-10,447,288,57,72,21,9
2019-03-17,389,234,56,73,15,11
2019-03-24,424,264,61,71,18,10
2019-03-31,467,282,72,78,25,10
2019-04-07,427,263,60,79,12,13
2019-04-14,432,269,62,69,22,10
2019-04-21,536,310,74,113,25,14
2019-04-28,513,304,84,94,19,12
2019-05-05,513,299,74,101,28,11
2019-05-12,533,327,81,98,17,10
2019-05-19,522,320,76,97,15,14
2019-05-26,498,309,73,85,17,14
2019-06-02,556,339,85,102,22,8
2019-06-09,571,341,85,107,25,13
2019-06-16,572,354,83,106,17,12
2019-06-23,540,321,82,103,19,15
2019-06-30,624,389,95,99,30,11
2019-07-07,655,373,108,125,32,17
2019-07-14,595,348,89,109,33,16
2019-07-21,546,317,88,91,34,16
2019-07-28,519,321,91,74,19,14
2019-08-04,582,346,90,105,23,18
2019-08-11,571,340,85,110,23,13
2019-08-18,539,335,88,86,21,9
2019-08-25,528,311,92,93,16,16
2019-09-01,540,330,88,88,26,8
2019-09-08,540,306,89,108,23,14
2019-09-15,550,332,91,90,25,12
2019-09-22,556,336,84,101,19,16
2019-09-29,548,321,95,101,20,11
2019-10-06,463,290,76,72,14,11
2019-10-13,464,292,74,65,18,15
2019-10-20,602,364,90,108,24,16
2019-10-27,531,315,85,91,23,17
2019-11-03,478,298,69,80,20,11
2019-11-10,448,265,73,71,24,15
2019-11-17,380,238,56,59,17,10
2019-11-24,350,216,51,60,12,11
2019-12-01,377,247,36,65,21,8
2019-12-08,349,228,46,56,9,10
2019-12-15,386,243,52,63,21,7
2019-12-22,402,252,55,67,18,10
2019-12-29,460,267,61,94,24,14
2020-01-05,471,303,65,72,20,11
2020-01-12,399,240,59,65,24,11
2020-01-19,400,221,63,83,22,11
2020-01-26,441,255,77,79,21,9
2020-02-02,402,252,61,65,18,6
2020-02-09,455,282,70,82,14,7
2020-02-16,355,202,52,68,26,7
2020-02-23,483,288,66,92,25,12
2020-03-01,412,246,64,64,26,12
2020-03-08,432,270,50,82,18,12
2020-03-15,411,263,58,64,15,11
2020-03-22,387,246,65,51,17,8
2020-03-29,385,235,52,72,16,10
2020-04-05,475,300,67,72,23,13
2020-04-12,536,324,82,94,23,13
2020-04-19,445,285,65,75,11,9
2020-04-26,492,322,59,71,28,12
2020-05-03,495,302,72,75,34,12
2020-05-10,590,349,92,103,32,14
2020-05-17,592,370,85,94,27,16
2020-05-24,529,318,91,82,22,16
2020-05-31,561,338,88,93,29,13
2020-06-07,584,354,90,100,25,15
2020-06-14,600,367,98,89,32,14
2020-06-21,609,362,114,90,32,11
2020-06-28,587,374,87,86,27,13
2020-07-05,590,346,99,98,38,9
2020-07-12,582,366,95,85,28,8
2020-07-19,569,356,81,100,24,8
2020-07-26,591,374,90,87,29,11
2020-08-02,617,388,92,96,27,14
2020-08-09,622,397,95,94,27,9
2020-08-16,619,394,86,102,28,9
2020-08-23,592,356,96,101,30,9
2020-08-30,521,311,78,98,23,11
2020-09-06,584,341,105,100,25,13
2020-09-13,650,382,96,128,28,16
2020-09-20,588,341,110,101,29,7
2020-09-27,667,378,118,132,28,11
2020-10-04,630,357,109,115,36,13
2020-10-11,638,382,97,120,33,6
2020-10-18,528,333,78,94,10,13
2020-10-25,609,364,87,111,32,15
2020-11-01,613,363,101,107,30,12
2020-11-08,516,320,83,87,15,11
2020-11-15,485,302,70,88,18,7
2020-11-22,397,239,55,82,13,8
2020-11-29,405,259,52,64,19,11
2020-12-06,474,307,69,63,25,10
2020-12-13,381,239,51,74,8,9
2020-12-20,398,243,60,73,13,9
2020-12-27,412,276,62,53,14,7
2021-01-03,452,290,60,79,15,8
2021-01-10,410,264,62,65,12,7
2021-01-17,459,282,60,93,16,8
2021-01-24,498,291,76,97,24,10
2021-01-31,491,316,65,80,19,11
2021-02-07,478,310,71,66,22,9
2021-02-14,514,332,72,73,25,12
2021-02-21,516,308,90,87,24,7
2021-02-28,406,249,70,66,9,12
2021-03-07,480,293,81,80,17,9
2021-03-14,459,282,70,78,17,12
2021-03-21,506,309,75,91,17,14
2021-03-28,537,336,91,84,10,16
2021-04-04,644,392,105,102,31,14
2021-04-11,624,384,90,112,25,13
2021-04-18,539,335,83,87,23,11
2021-04-25,665,384,114,120,28,19
2021-05-02,525,309,86,88,28,14
2021-05-09,567,369,74,90,19,15
2021-05-16,619,376,94,106,29,14
2021-05-23,602,365,86,113,23,15
2021-05-30,603,373,98,93,23,16
2021-06-06,667,400,117,119,17,14
2021-06-13,622,374,99,113,22,14
2021-06-20,643,390,108,106,27,12
2021-06-27,635,396,103,105,17,14
2021-07-04,626,393,103,98,21,11
2021-07-11,609,376,101,97,20,15
2021-07-18,562,363,85,91,12,11
2021-07-25,598,387,90,89,21,11
2021-08-01,621,396,97,98,16,14
2021-08-08,643,397,94,117,20,15
2021-08-15,596,350,89,111,30,16
2021-08-22,517,316,83,84,21,13
2021-08-29,591,360,87,107,22,15
2021-09-05,584,368,84,98,24,10
2021-09-12,560,341,91,103,16,9
2021-09-19,652,396,102,118,22,14
2021-09-26,619,389,102,93,22,13
2021-10-03,586,362,93,103,15,13
2021-10-10,661,401,112,108,26,14
2021-10-17,556,346,76,105,20,9
2021-10-24,567,348,84,108,17,10
2021-10-31,492,308,69,87,15,13
2021-11-07,526,328,77,95,15,11
2021-11-14,569,337,85,116,20,11
2021-11-21,601,382,81,108,16,14
2021-11-28,665,395,102,120,33,15
2021-12-05,565,351,69,105,27,13
2021-12-12,531,352,72,88,11,8
2021-12-19,554,348,64,95,31,16
2021-12-26,571,352,84,106,16,13
2022-01-02,505,329,64,82,21,9
2022-01-09,515,343,66,78,17,11
2022-01-16,568,363,80,89,21,15
2022-01-23,531,329,84,92,14,12
2022-01-30,641,409,91,104,21,16
2022-02-06,658,405,94,115,29,15
2022-02-13,657,397,102,120,18,20
2022-02-20,668,405,100,120,29,14
2022-02-27,669,432,96,101,24,16
2022-03-06,608,381,88,103,20,16
2022-03-13,687,418,94,129,27,19
2022-03-20,613,374,86,109,31,13
2022-03-27,736,461,103,123,37,12
2022-04-03,655,408,102,113,16,16
2022-04-10,717,437,102,135,30,13
2022-04-17,685,442,99,101,28,15
2022-04-24,690,422,108,123,22,15
2022-05-01,683,431,117,98,24,13
2022-05-08,719,431,125,121,25,17
2022-05-15,596,368,93,104,16,15
2022-05-22,697,426,108,114,34,15
2022-05-29,668,430,101,108,16,13
2022-06-05,699,432,118,108,24,17
2022-06-12,705,448,120,103,18,16
2022-06-19,674,426,107,108,22,11
2022-06-26,670,395,118,119,22,16
2022-07-03,687,426,103,119,22,17
2022-07-10,652,412,101,106,19,14
2022-07-17,662,422,104,93,27,16
2022-07-24,651,425,102,91,18,15
2022-07-31,651,407,98,107,28,11
2022-08-07,715,421,124,125,27,18
2022-08-14,687,420,105,123,24,15
2022-08-21,735,455,126,105,29,20
2022-08-28,757,442,124,144,35,12
2022-09-04,739,442,112,141,31,13
2022-09-11,666,410,97,120,25,14
2022-09-18,713,425,122,121,31,14
2022-09-25,691,431,112,101,34,13
2022-10-02,645,398,96,119,21,11
2022-10-09,670,411,102,117,24,16
2022-10-16,713,423,125,121,29,15
2022-10-23,736,448,117,117,38,16
2022-10-30,753,470,114,124,24,21
2022-11-06,591,356,102,95,22,16
2022-11-13,631,380,93,118,28,12
2022-11-20,558,345,93,80,22,18
2022-11-27,544,331,92,84,26,11
2022-12-04,628,382,101,99,24,22
2022-12-11,537,309,92,100,24,12
2022-12-18,567,346,85,101,20,15
2022-12-25,567,353,83,88,32,11
2023-01-01,521,316,88,83,20,14
2023-01-08,547,332,99,85,18,13
2023-01-15,489,278,86,91,26,8
2023-01-22,526,326,81,89,16,14
2023-01-29,566,354,102,79,19,12
2023-02-05,530,339,73,88,20,10
2023-02-12,596,352,97,108,26,13
2023-02-19,614,361,111,98,32,12
2023-02-26,703,411,112,120,38,22
2023-03-05,574,358,98,77,21,20
2023-03-12,720,418,128,129,23,22
2023-03-19,636,376,117,98,32,13
2023-03-26,516,312,84,84,27,9
2023-04-02,600,361,104,92,28,15
2023-04-09,667,396,117,103,35,16
2023-04-16,726,433,115,124,33,21
2023-04-23,715,426,128,109,34,18
2023-04-30,620,378,117,83,23,19
2023-05-07,676,395,123,105,34,19
2023-05-14,758,455,136,123,30,14
2023-05-21,702,437,117,102,28,18
2023-05-28,762,452,139,113,39,19
2023-06-04,739,450,128,115,38,8
2023-06-11,747,438,121,142,33,13
2023-06-18,643,383,118,104,27,11
2023-06-25,733,423,133,115,46,16
2023-07-02,724,437,125,111,33,18
2023-07-09,728,459,116,100,36,17
2023-07-16,706,433,117,112,32,12
2023-07-23,721,436,132,102,33,18
2023-07-30,636,386,103,101,29,17
2023-08-06,751,466,135,114,23,13
2023-08-13,748,448,126,126,36,12
2023-08-20,725,428,133,111,35,18
2023-08-27,740,436,139,110,37,18
2023-09-03,672,393,121,119,27,12
2023-09-10,710,442,118,102,34,14
2023-09-17,678,392,127,115,28,16
2023-09-24,740,442,127,128,27,16
2023-10-01,766,457,122,122,44,21
2023-10-08,727,447,118,101,39,22
2023-10-15,761,455,129,111,45,21
2023-10-22,596,344,105,107,26,14
2023-10-29,561,334,92,88,29,18
2023-11-05,624,391,94,98,29,12
2023-11-12,585,352,93,93,33,14
2023-11-19,561,337,80,105,25,14
2023-11-26,453,281,71,76,16,9
2023-12-03,506,309,77,84,21,15
2023-12-10,544,333,86,85,24,16
2023-12-17,476,273,87,82,21,13
2023-12-24,510,304,83,85,24,14
2023-12-31,571,351,90,86,33,11
2024-01-07,501,307,72,84,22,16
2024-01-14,480,309,60,72,27,12
2024-01-21,535,323,90,86,20,16
2024-01-28,553,313,95,86,38,21
2024-02-04,457,263,81,81,19,13
2024-02-11,517,298,92,94,19,14
2024-02-18,523,319,94,78,19,13
2024-02-25,496,296,84,82,21,13
2024-03-03,509,286,94,92,21,16
2024-03-10,566,341,92,89,32,12
2024-03-17,751,449,123,123,36,20
2024-03-24,730,411,129,132,33,25
2024-03-31,651,404,104,95,33,15
2024-04-07,741,426,127,127,36,25
2024-04-14,750,453,123,115,38,21
2024-04-21,625,386,92,108,21,18
2024-04-28,690,418,122,110,22,18
2024-05-05,683,409,122,109,25,18
2024-05-12,728,421,125,122,38,22
2024-05-19,768,453,137,125,32,21
2024-05-26,760,452,126,125,35,22
2024-06-02,735,440,116,117,40,22
2024-06-09,740,441,136,106,31,26
2024-06-16,761,419,131,138,44,29
2024-06-23,690,408,125,108,24,25
2024-06-30,743,445,122,123,34,19
2024-07-07,741,439,137,107,33,25
2024-07-14,763,455,148,98,39,23
2024-07-21,717,431,113,110,41,22
2024-07-28,688,409,131,97,31,20
2024-08-04,679,400,124,100,28,27
2024-08-11,639,383,110,101,27,18
2024-08-18,550,339,94,73,30,14
2024-08-25,628,347,128,104,32,17
2024-09-01,745,442,134,116,30,23
2024-09-08,734,433,139,117,21,24
2024-09-15,770,437,134,126,45,28
2024-09-22,717,412,132,108,44,21
2024-09-29,743,424,133,120,44,22
2024-10-06,649,363,130,100,33,23
2024-10-13,723,410,144,105,38,26
2024-10-20,640,365,126,92,32,25
2024-10-27,580,316,131,79,24,30
2024-11-03,548,319,101,82,30,16
2024-11-10,721,402,150,116,30,23
2024-11-17,559,307,110,92,29,21
2024-11-24,521,288,98,87,31,17
2024-12-01,471,269,86,75,26,15
2024-12-08,484,275,90,84,21,14
2024-12-15,518,281,101,86,38,12
2024-12-22,494,294,101,67,12,20
2024-12-29,486,271,92,77,25,21
2025-01-05,494,270,105,75,28,16
2025-01-12,485,270,98,81,20,16
2025-01-19,493,270,98,72,27,26
2025-01-26,500,296,92,79,18,15
2025-02-02,488,277,102,74,20,15
2025-02-09,488,266,101,81,25,15
2025-02-16,598,341,107,95,28,27
2025-02-23,565,305,130,78,37,15
2025-03-02,424,242,75,73,21,13
2025-03-09,573,361,100,73,24,15
2025-03-16,609,330,136,86,37,20
2025-03-23,608,344,123,91,37,13
2025-03-30,581,333,114,96,22,16
2025-04-06,781,432,154,116,41,38
2025-04-13,718,404,142,111,33,28
2025-04-20,594,336,124,87,30,17
2025-04-27,766,440,142,110,41,33
2025-05-04,685,392,140,105,25,23
2025-05-11,685,386,146,96,38,19
2025-05-18,749,425,149,110,45,20
2025-05-25,777,425,152,128,45,27
2025-06-01,708,387,150,107,40,24
2025-06-08,667,387,122,104,34,20
2025-06-15,764,424,152,121,42,25
2025-06-22,724,408,151,100,40,25
2025-06-29,720,410,145,102,45,18
2025-07-06,624,360,119,88,38,19
2025-07-13,635,365,122,96,30,22
2025-07-20,731,408,144,121,35,23
2025-07-27,649,368,118,91,42,30
2025-08-03,664,384,129,94,33,24
2025-08-10,563,307,112,87,26,31
2025-08-17,735,423,127,113,43,29
2025-08-24,673,380,136,100,31,26
2025-08-31,701,382,125,106,54,34
2025-09-07,668,386,126,100,36,20
2025-09-14,525,290,107,72,37,19
2025-09-21,611,351,117,92,23,28
2025-09-28,605,342,113,99,37,14
2025-10-05,779,454,148,104,40,33
2025-10-12,494,249,100,85,38,22
2025-10-19,516,281,102,86,31,16
2025-10-26,714,407,133,112,37,25
2025-11-02,632,351,131,90,35,25
2025-11-09,527,305,80,96,28,18
2025-11-16,559,311,100,97,30,21
2025-11-23,424,244,77,63,22,18
2025-11-30,377,210,63,63,28,13
2025-12-07,396,226,61,74,25,10
2025-12-14,379,218,57,63,29,12
2025-12-21,340,180,69,65,16,10
2025-12-28,420,212,68,90,37,13
2026-01-04,410,219,83,60,28,20
2026-01-11,451,240,82,75,33,21
2026-01-18,373,201,61,65,29,17
2026-01-25,394,215,65,69,28,17
2026-02-01,420,216,80,66,38,20
2026-02-08,425,236,69,70,38,12
2026-02-15,535,302,82,100,32,19
2026-02-22,660,369,127,107,35,22
2026-03-01,543,296,85,97,44,21
2026-03-08,18,4,1,10,3,0
2026-03-15,15,4,5,5,1,0
2026-03-22,10,3,0,5,2,0
2026-03-29,25,8,0,15,2,0
2026-04-05,37,15,4,13,5,0
2026-04-12,41,13,3,22,3,0
2026-04-19,52,28,8,14,2,0
2026-04-26,28,12,3,5,8,0
2026-05-03,86,39,8,25,14,0
2026-05-10,10,3,2,3,2,0
2026-05-17,38,14,1,8,14,1
2026-05-24,34,13,4,10,7,0
2026-05-31,21,3,2,7,8,1
2026-06-07,31,8,1,8,13,1
2026-06-14,17,6,2,2,7,0
2026-06-21,85,31,8,23,23,0
2026-06-28,213,98,25,62,27,1
2026-07-05,162,93,14,39,16,0
2026-07-12,98,45,11,22,14,6
2026-07-19,44,16,6,11,11,0
2026-07-26,25,6,1,8,10,0
2026-08-02,37,10,3,15,9,0
2026-08-09,39,13,4,14,8,0
2026-08-16,31,11,0,15,5,0
2026-08-23,35,17,2,9,7,0
2026-08-30,30,13,0,9,8,0
2026-09-06,22,6,3,12,1,0
2026-09-13,37,10,2,15,10,0
2026-09-20,22,4,3,11,4,0
2026-09-27,22,9,0,7,6,0
