mes,grupo,portname,t_Contenedores,t_Carga general + RoRo,t_Granel seco,t_Tanqueros,t_No tanqueros,t_Total,c_Contenedores,c_Carga general + RoRo,c_Granel seco,c_Tanqueros,c_No tanqueros,c_Total
2025-01,Costa este EAU,Fujairah,3523,0,1376670,7047436,1380193,8427629,2,0,27,299,29,328
2025-01,Costa este EAU,Khor Fakkan,115371,0,33865,71440,149236,220676,10,0,3,13,13,26
2025-01,Omán,Duqm,4543,0,217903,186909,222446,409355,1,0,15,9,16,25
2025-01,Omán,Port of Sohar,190924,35856,2763803,1410604,2990583,4401187,48,30,44,65,122,187
2025-01,Omán,Salalah,3458539,40515,1549954,214541,5049008,5263549,69,7,45,18,121,139
2025-02,Costa este EAU,Fujairah,10840,0,1069125,6020253,1079965,7100218,3,0,22,265,25,290
2025-02,Costa este EAU,Khor Fakkan,69318,0,97652,115298,166970,282268,7,0,4,25,11,36
2025-02,Omán,Duqm,8643,6827,87619,240085,103089,343174,2,2,10,19,14,33
2025-02,Omán,Port of Sohar,211711,96768,3034060,1036389,3342539,4378928,44,31,46,54,121,175
2025-02,Omán,Salalah,3007482,41440,1216066,210027,4264988,4475015,60,7,34,16,101,117
2025-03,Costa este EAU,Fujairah,3853,0,1046060,6754896,1049913,7804809,2,0,23,316,25,341
2025-03,Costa este EAU,Khor Fakkan,95360,1640,45471,93746,142471,236217,10,1,4,20,15,35
2025-03,Omán,Duqm,14890,3494,113847,154688,132231,286919,4,3,12,11,19,30
2025-03,Omán,Port of Sohar,219204,71175,3427685,1492061,3718064,5210125,46,35,51,67,132,199
2025-03,Omán,Salalah,3408330,26388,913235,179475,4347953,4527428,68,5,23,18,96,114
2025-04,Costa este EAU,Fujairah,33123,10520,1018188,5429780,1061831,6491611,4,2,24,272,30,302
2025-04,Costa este EAU,Khor Fakkan,24039,1836,54573,208426,80448,288874,4,1,3,24,8,32
2025-04,Omán,Duqm,1837,0,198805,151195,200642,351837,3,0,13,13,16,29
2025-04,Omán,Port of Sohar,202193,52875,1972469,1672925,2227537,3900462,44,34,41,70,119,189
2025-04,Omán,Salalah,4810740,45082,1135687,187066,5991509,6178575,80,7,32,16,119,135
2025-05,Costa este EAU,Fujairah,10499,9223,740004,5864203,759726,6623929,2,1,17,297,20,317
2025-05,Costa este EAU,Khor Fakkan,73766,167,112296,132957,186229,319186,9,1,7,30,17,47
2025-05,Omán,Duqm,29044,87,126562,420637,155693,576330,4,1,7,19,12,31
2025-05,Omán,Port of Sohar,341423,61986,3129900,1840642,3533309,5373951,57,38,47,73,142,215
2025-05,Omán,Salalah,4631484,34104,1663883,216094,6329471,6545565,77,5,40,17,122,139
2025-06,Costa este EAU,Fujairah,6191,5455,1125403,6473312,1137049,7610361,1,2,25,278,28,306
2025-06,Costa este EAU,Khor Fakkan,72536,3672,79207,114181,155415,269596,7,2,8,18,17,35
2025-06,Omán,Duqm,13306,7055,106976,374141,127337,501478,5,4,8,18,17,35
2025-06,Omán,Port of Sohar,205355,110556,2573607,1811516,2889518,4701034,45,41,44,73,130,203
2025-06,Omán,Salalah,5049930,48200,941976,146806,6040106,6186912,84,8,34,15,126,141
2025-07,Costa este EAU,Fujairah,0,0,1181137,5630107,1181137,6811244,0,0,24,285,24,309
2025-07,Costa este EAU,Khor Fakkan,128781,8735,64674,100996,202190,303186,7,4,3,20,14,34
2025-07,Omán,Duqm,66869,4970,103045,379171,174884,554055,4,2,10,21,16,37
2025-07,Omán,Port of Sohar,302569,91408,3488148,1962337,3882125,5844462,48,39,59,74,146,220
2025-07,Omán,Salalah,5031149,29519,1322692,255915,6383360,6639275,94,7,36,18,137,155
2025-08,Costa este EAU,Fujairah,0,0,1180371,6404549,1180371,7584920,0,0,26,301,26,327
2025-08,Costa este EAU,Khor Fakkan,45098,3173,0,118396,48271,166667,7,2,1,21,10,31
2025-08,Omán,Duqm,89102,7907,236002,319039,333011,652050,5,4,12,17,21,38
2025-08,Omán,Port of Sohar,208113,79600,3253378,1917354,3541091,5458445,48,43,44,74,135,209
2025-08,Omán,Salalah,4925156,22384,1786414,190715,6733954,6924669,92,5,45,19,142,161
2025-09,Costa este EAU,Fujairah,0,5412,1136488,6156717,1141900,7298617,0,1,23,301,24,325
2025-09,Costa este EAU,Khor Fakkan,26154,0,30314,30805,56468,87273,2,0,2,19,4,23
2025-09,Omán,Duqm,87760,9801,232420,255230,329981,585211,4,4,14,16,22,38
2025-09,Omán,Port of Sohar,236870,82046,3186027,1821682,3504943,5326625,50,34,48,81,132,213
2025-09,Omán,Salalah,4015123,30870,1259001,140754,5304994,5445748,75,6,37,13,118,131
2025-10,Costa este EAU,Fujairah,0,0,1073421,6616791,1073421,7690212,0,0,26,316,26,342
2025-10,Costa este EAU,Khor Fakkan,51406,0,45375,21534,96781,118315,6,0,2,12,8,20
2025-10,Omán,Duqm,31895,4900,214331,256283,251126,507409,5,2,11,18,18,36
2025-10,Omán,Port of Sohar,223184,103825,2090729,1587022,2417738,4004760,50,41,46,78,137,215
2025-10,Omán,Salalah,3692817,28421,910290,201836,4631528,4833364,69,8,29,14,106,120
2025-11,Costa este EAU,Fujairah,0,5506,903326,6416910,908832,7325742,0,2,20,267,22,289
2025-11,Costa este EAU,Khor Fakkan,18231,1836,66553,32986,86620,119606,3,1,4,8,8,16
2025-11,Omán,Duqm,0,13896,170528,156898,184424,341322,0,6,9,13,15,28
2025-11,Omán,Port of Sohar,211397,67670,2501490,1131061,2780557,3911618,43,34,49,59,126,185
2025-11,Omán,Salalah,3318173,19969,1240425,188500,4578567,4767067,62,3,44,15,109,124
2025-12,Costa este EAU,Fujairah,0,3095,1143894,6043154,1146989,7190143,0,3,28,274,31,305
2025-12,Costa este EAU,Khor Fakkan,36008,2759,62174,126887,100941,227828,4,2,3,22,9,31
2025-12,Omán,Duqm,9869,10557,89024,128522,109450,237972,3,4,2,14,9,23
2025-12,Omán,Port of Sohar,286596,88676,2420356,1294682,2795628,4090310,48,31,44,58,123,181
2025-12,Omán,Salalah,2889830,10524,803941,103597,3704295,3807892,54,4,22,9,80,89
2026-01,Costa este EAU,Fujairah,0,28309,1286858,5925139,1315167,7240306,0,2,25,278,27,305
2026-01,Costa este EAU,Khor Fakkan,35240,2145,102475,76944,139860,216804,4,3,5,16,12,28
2026-01,Omán,Duqm,2188,0,43111,67792,45299,113091,1,0,6,8,7,15
2026-01,Omán,Port of Sohar,260630,72286,3164169,1258129,3497085,4755214,52,35,56,52,143,195
2026-01,Omán,Salalah,3959552,20376,1243437,155180,5223365,5378545,74,4,37,10,115,125
2026-02,Costa este EAU,Fujairah,0,4171,1547438,4923398,1551609,6475007,0,2,34,251,36,287
2026-02,Costa este EAU,Khor Fakkan,3463,12374,105116,38971,120953,159924,1,4,6,12,11,23
2026-02,Omán,Duqm,9167,7764,38993,89402,55924,145326,2,4,4,5,10,15
2026-02,Omán,Port of Sohar,262942,58515,3223410,1432464,3544867,4977331,48,30,53,60,131,191
2026-02,Omán,Salalah,3317099,31289,829563,133866,4177951,4311817,62,5,25,13,92,105
2026-03,Costa este EAU,Fujairah,45559,7803,121083,357275,174445,531720,5,2,5,22,12,34
2026-03,Costa este EAU,Khor Fakkan,127013,10912,15157,424,153082,153506,8,4,1,1,13,14
2026-03,Omán,Duqm,43078,16168,100138,201591,159384,360975,4,6,10,9,20,29
2026-03,Omán,Port of Sohar,281980,42444,1077685,899650,1402109,2301759,29,8,25,45,62,107
2026-03,Omán,Salalah,2729274,52105,1009094,167309,3790473,3957782,51,9,27,12,87,99
2026-04,Costa este EAU,Fujairah,318851,59602,1594490,1704701,1972943,3677644,23,14,38,73,75,148
2026-04,Costa este EAU,Khor Fakkan,523880,6224,0,848,530104,530952,23,6,0,2,29,31
2026-04,Omán,Duqm,0,32253,391903,325155,424156,749311,0,15,23,7,38,45
2026-04,Omán,Port of Sohar,405093,151569,1316638,1004088,1873300,2877388,43,18,34,59,95,154
2026-04,Omán,Salalah,4495885,48759,1869857,300001,6414501,6714502,84,9,43,28,136,164
2026-05,Costa este EAU,Fujairah,175364,41849,1030029,668142,1247242,1915384,13,9,28,37,50,87
2026-05,Costa este EAU,Khor Fakkan,387161,10067,15157,9325,412385,421710,26,10,2,2,38,40
2026-05,Omán,Duqm,25635,33520,176290,297621,235445,533066,3,8,15,26,26,52
2026-05,Omán,Port of Sohar,289815,50869,2120171,906160,2460855,3367015,43,14,54,38,111,149
2026-05,Omán,Salalah,4602825,50629,1836843,298511,6490297,6788808,86,6,42,30,134,164
2026-06,Costa este EAU,Fujairah,114789,14771,1105014,1289438,1234574,2524012,13,7,26,52,46,98
2026-06,Costa este EAU,Khor Fakkan,685510,6446,14392,20548,706348,726896,37,11,1,5,49,54
2026-06,Omán,Duqm,25600,14820,173732,454528,214152,668680,3,8,11,25,22,47
2026-06,Omán,Port of Sohar,296736,75525,2125191,1112932,2497452,3610384,38,25,42,49,105,154
2026-06,Omán,Salalah,4870468,46422,1761002,362742,6677892,7040634,91,9,41,34,141,175
2026-07,Costa este EAU,Fujairah,188560,58036,1626414,2866147,1873010,4739157,17,11,39,118,67,185
2026-07,Costa este EAU,Khor Fakkan,845050,14993,23899,9956,883942,893898,41,12,1,3,54,57
2026-07,Omán,Duqm,78887,38807,102532,476832,220226,697058,5,18,9,20,32,52
2026-07,Omán,Port of Sohar,279148,125515,2079927,1202116,2484590,3686706,39,26,45,56,110,166
2026-07,Omán,Salalah,5191668,38810,1131302,358250,6361780,6720030,97,8,34,32,139,171
2026-08,Costa este EAU,Fujairah,235426,33750,1749181,3201624,2018357,5219981,22,13,41,132,76,208
2026-08,Costa este EAU,Khor Fakkan,728610,19304,0,7023,747914,754937,34,17,0,3,51,54
2026-08,Omán,Duqm,56552,52499,109351,296161,218402,514563,8,22,7,22,37,59
2026-08,Omán,Port of Sohar,214987,52212,1899976,987052,2167175,3154227,32,16,37,51,85,136
2026-08,Omán,Salalah,5028534,48939,1768593,375909,6846066,7221975,94,9,46,33,149,182
2026-09,Costa este EAU,Fujairah,170882,46014,1137151,3541925,1354047,4895972,20,14,25,111,59,170
2026-09,Costa este EAU,Khor Fakkan,622900,15709,0,12229,638609,650838,31,11,0,3,42,45
2026-09,Omán,Duqm,115660,52987,66370,138718,235017,373735,9,15,7,14,31,45
2026-09,Omán,Port of Sohar,247030,70398,2362080,936059,2679508,3615567,40,19,38,41,97,138
2026-09,Omán,Salalah,3973491,36916,1341613,260780,5352020,5612800,74,7,35,23,116,139
