semana_fin,segmento,referencia,golfo_act_t,golfo_ref_t,este_act_t,este_ref_t,oman_act_t,oman_ref_t,preservada_pct,perdida_golfo_t,cambio_este_t,brecha_t,ido_pct,dias
2026-03-01,Contenedores,M3,536452,514209.0,14860,2391.0,42939,65211.0,106.719,-22243.0,12469.0,-34712.0,97.305,1
2026-03-08,Contenedores,M3,210019,3841514.5,0,34543.5,1148612,753566.5,5.418,3631495.5,-34543.5,3666039.0,100.0,7
2026-03-15,Contenedores,M3,65777,3989014.0,28697,29651.5,262311,837522.5,2.351,3923237.0,-954.5,3924191.5,69.624,7
2026-03-22,Contenedores,M3,154594,3900686.0,0,35725.5,905642,1040610.5,3.927,3746092.0,-35725.5,3781817.5,100.0,7
2026-03-29,Contenedores,M3,334553,3585718.5,88528,15663.5,574762,914526.5,11.748,3251165.5,72864.5,3178301.0,79.075,7
2026-04-05,Contenedores,M3,198718,3890728.0,159180,19409.0,996981,1056818.0,9.153,3692010.0,139771.0,3552239.0,55.524,7
2026-04-12,Contenedores,M3,818577,3602692.5,237188,34455.5,928482,987170.0,29.027,2784115.5,202732.5,2581383.0,77.534,7
2026-04-19,Contenedores,M3,377814,3919618.5,97949,34738.0,1304908,1083982.5,12.031,3541804.5,63211.0,3478593.5,79.412,7
2026-04-26,Contenedores,M3,588670,4204226.0,306054,47378.5,1043087,1135233.5,21.044,3615556.0,258675.5,3356880.5,65.793,7
2026-05-03,Contenedores,M3,491709,3516510.5,122495,17363.5,1239139,993577.0,17.38,3024801.5,105131.5,2919670.0,80.056,7
2026-05-10,Contenedores,M3,287729,4082829.0,207396,21150.5,1089391,897339.0,12.065,3795100.0,186245.5,3608854.5,58.112,7
2026-05-17,Contenedores,M3,123007,4066703.5,107416,38898.5,1145524,1204604.0,5.612,3943696.5,68517.5,3875179.0,53.383,7
2026-05-24,Contenedores,M3,544557,4102366.5,141195,13751.5,931935,767064.0,16.66,3557809.5,127443.5,3430366.0,79.41,7
2026-05-31,Contenedores,M3,94951,3861268.5,66870,22299.5,1259872,889162.5,4.167,3766317.5,44570.5,3721747.0,58.677,7
2026-06-07,Contenedores,M3,44290,4169103.5,197158,61748.5,1424884,847560.0,5.707,4124813.5,135409.5,3989404.0,18.343,7
2026-06-14,Contenedores,M3,104635,3828862.5,201021,16621.5,1287774,1005089.0,7.948,3724227.5,184399.5,3539828.0,34.233,7
2026-06-21,Contenedores,M3,331789,3317992.0,84669,63277.0,1150444,889198.0,12.317,2986203.0,21392.0,2964811.0,79.669,7
2026-06-28,Contenedores,M3,860547,4054464.5,244690,15650.0,1021762,1148651.5,27.155,3193917.5,229040.0,2964877.5,77.861,7
2026-07-05,Contenedores,M3,615767,4080645.0,172679,9716.0,1019535,971555.5,19.276,3464878.0,162963.0,3301915.0,78.099,7
2026-07-12,Contenedores,M3,776794,4309453.5,290017,10531.0,1080294,1129659.0,24.695,3532659.5,279486.0,3253173.5,72.815,7
2026-07-19,Contenedores,M3,809918,3693562.0,254928,14604.5,1538888,703762.0,28.716,2883644.0,240323.5,2643320.5,76.06,7
2026-07-26,Contenedores,M3,575656,3728085.5,237879,66851.5,1267434,1066037.5,21.437,3152429.5,171027.5,2981402.0,70.76,7
2026-08-02,Contenedores,M3,648406,3837932.0,264078,6856.5,1115371,1053192.5,23.733,3189526.0,257221.5,2932304.5,71.059,7
2026-08-09,Contenedores,M3,570354,3916182.5,278556,19984.5,1217821,1017676.0,21.567,3345828.5,258571.5,3087257.0,67.187,7
2026-08-16,Contenedores,M3,481701,4139610.0,140181,35308.0,1248556,1074444.5,14.896,3657909.0,104873.0,3553036.0,77.459,7
2026-08-23,Contenedores,M3,458918,4089083.0,156810,10349.0,1251199,888153.5,15.02,3630165.0,146461.0,3483704.0,74.533,7
2026-08-30,Contenedores,M3,503354,3960755.5,223011,18012.5,1171485,1121058.0,18.256,3457401.5,204998.5,3252403.0,69.298,7
2026-09-06,Contenedores,M3,489104,4159582.0,175339,24126.5,1075824,1084869.0,15.882,3670478.0,151212.5,3519265.5,73.611,7
2026-09-13,Contenedores,M3,646878,4090263.5,282356,6879.5,1478430,927451.5,22.68,3443385.5,275476.5,3167909.0,69.614,7
2026-09-20,Contenedores,M3,864985,4161778.0,206535,5480.0,1066462,1070477.0,25.713,3296793.0,201055.0,3095738.0,80.725,7
2026-09-27,Contenedores,M3,370624,3363488.0,181820,11635.0,962598,599707.0,16.368,2992864.0,170185.0,2822679.0,67.088,5
2026-03-01,Contenedores,M1,536452,524503.0,14860,4782.0,42939,76336.0,104.162,-11949.0,10078.0,-22027.0,97.305,1
2026-03-08,Contenedores,M1,210019,4222804.0,0,31378.0,1148612,735659.0,4.937,4012785.0,-31378.0,4044163.0,100.0,7
2026-03-15,Contenedores,M1,65777,4081609.0,28697,35280.0,262311,886290.0,2.295,4015832.0,-6583.0,4022415.0,69.624,7
2026-03-22,Contenedores,M1,154594,4081090.0,0,27255.0,905642,897041.0,3.763,3926496.0,-27255.0,3953751.0,100.0,7
2026-03-29,Contenedores,M1,334553,3570009.0,88528,518.0,574762,826319.0,11.849,3235456.0,88010.0,3147446.0,79.075,7
2026-04-05,Contenedores,M1,198718,3694963.0,159180,11181.0,996981,992663.0,9.657,3496245.0,147999.0,3348246.0,55.524,7
2026-04-12,Contenedores,M1,818577,3618049.0,237188,12041.0,928482,861518.0,29.084,2799472.0,225147.0,2574325.0,77.534,7
2026-04-19,Contenedores,M1,377814,4413877.0,97949,20668.0,1304908,1499368.0,10.729,4036063.0,77281.0,3958782.0,79.412,7
2026-04-26,Contenedores,M1,588670,4403083.0,306054,0.0,1043087,1395432.0,20.32,3814413.0,306054.0,3508359.0,65.793,7
2026-05-03,Contenedores,M1,491709,3564054.0,122495,15482.0,1239139,1256978.0,17.159,3072345.0,107013.0,2965332.0,80.056,7
2026-05-10,Contenedores,M1,287729,3843355.0,207396,30488.0,1089391,953211.0,12.781,3555626.0,176908.0,3378718.0,58.112,7
2026-05-17,Contenedores,M1,123007,4033718.0,107416,30906.0,1145524,1133272.0,5.669,3910711.0,76510.0,3834201.0,53.383,7
2026-05-24,Contenedores,M1,544557,4259524.0,141195,20661.0,931935,927013.0,16.022,3714967.0,120534.0,3594433.0,79.41,7
2026-05-31,Contenedores,M1,94951,3900070.0,66870,32786.0,1259872,1304821.0,4.115,3805119.0,34084.0,3771035.0,58.677,7
2026-06-07,Contenedores,M1,44290,4307095.0,197158,0.0,1424884,1092450.0,5.606,4262805.0,197158.0,4065647.0,18.343,7
2026-06-14,Contenedores,M1,104635,3860568.0,201021,31118.0,1287774,1215166.0,7.854,3755933.0,169903.0,3586030.0,34.233,7
2026-06-21,Contenedores,M1,331789,3228066.0,84669,8120.0,1150444,965774.0,12.869,2896277.0,76549.0,2819728.0,79.669,7
2026-06-28,Contenedores,M1,860547,4077697.0,244690,6703.0,1021762,1587166.0,27.06,3217150.0,237987.0,2979163.0,77.861,7
2026-07-05,Contenedores,M1,615767,3744457.0,172679,7619.0,1019535,1344740.0,21.014,3128690.0,165060.0,2963630.0,78.099,7
2026-07-12,Contenedores,M1,776794,4089091.0,290017,0.0,1080294,1400841.0,26.089,3312297.0,290017.0,3022280.0,72.815,7
2026-07-19,Contenedores,M1,809918,4028751.0,254928,16825.0,1538888,1041217.0,26.321,3218833.0,238103.0,2980730.0,76.06,7
2026-07-26,Contenedores,M1,575656,3383829.0,237879,92524.0,1267434,1069691.0,23.402,2808173.0,145355.0,2662818.0,70.76,7
2026-08-02,Contenedores,M1,648406,3724787.0,264078,11813.0,1115371,1145872.0,24.42,3076381.0,252265.0,2824116.0,71.059,7
2026-08-09,Contenedores,M1,570354,4035894.0,278556,3580.0,1217821,1230706.0,21.015,3465540.0,274976.0,3190564.0,67.187,7
2026-08-16,Contenedores,M1,481701,3946504.0,140181,2157.0,1248556,1474670.0,15.749,3464803.0,138024.0,3326779.0,77.459,7
2026-08-23,Contenedores,M1,458918,3982475.0,156810,15149.0,1251199,1043315.0,15.402,3523557.0,141661.0,3381896.0,74.533,7
2026-08-30,Contenedores,M1,503354,4171082.0,223011,24212.0,1171485,1120081.0,17.314,3667728.0,198799.0,3468929.0,69.298,7
2026-09-06,Contenedores,M1,489104,4300237.0,175339,26154.0,1075824,1217360.0,15.358,3811133.0,149185.0,3661948.0,73.611,7
2026-09-13,Contenedores,M1,646878,4049058.0,282356,0.0,1478430,1072599.0,22.949,3402180.0,282356.0,3119824.0,69.614,7
2026-09-20,Contenedores,M1,864985,3941789.0,206535,0.0,1066462,1037334.0,27.184,3076804.0,206535.0,2870269.0,80.725,7
2026-09-27,Contenedores,M1,370624,2832875.0,181820,0.0,962598,658742.0,19.501,2462251.0,181820.0,2280431.0,67.088,5
2026-03-01,Contenedores,M4,536452,632931.482,14860,691.125,42939,132049.911,87.01,96479.482,14168.875,82310.607,97.305,1
2026-03-08,Contenedores,M4,210019,4430520.375,0,4837.875,1148612,924349.375,4.735,4220501.375,-4837.875,4225339.25,100.0,7
2026-03-15,Contenedores,M4,65777,4430520.375,28697,4837.875,262311,924349.375,2.13,4364743.375,23859.125,4340884.25,69.624,7
2026-03-22,Contenedores,M4,154594,4430520.375,0,4837.875,905642,924349.375,3.485,4275926.375,-4837.875,4280764.25,100.0,7
2026-03-29,Contenedores,M4,334553,4430520.375,88528,4837.875,574762,924349.375,9.539,4095967.375,83690.125,4012277.25,79.075,7
2026-04-05,Contenedores,M4,198718,4430520.375,159180,4837.875,996981,924349.375,8.069,4231802.375,154342.125,4077460.25,55.524,7
2026-04-12,Contenedores,M4,818577,4430520.375,237188,4837.875,928482,924349.375,23.803,3611943.375,232350.125,3379593.25,77.534,7
2026-04-19,Contenedores,M4,377814,4430520.375,97949,4837.875,1304908,924349.375,10.727,4052706.375,93111.125,3959595.25,79.412,7
2026-04-26,Contenedores,M4,588670,4430520.375,306054,4837.875,1043087,924349.375,20.173,3841850.375,301216.125,3540634.25,65.793,7
2026-05-03,Contenedores,M4,491709,4430520.375,122495,4837.875,1239139,924349.375,13.848,3938811.375,117657.125,3821154.25,80.056,7
2026-05-10,Contenedores,M4,287729,4430520.375,207396,4837.875,1089391,924349.375,11.163,4142791.375,202558.125,3940233.25,58.112,7
2026-05-17,Contenedores,M4,123007,4430520.375,107416,4837.875,1145524,924349.375,5.195,4307513.375,102578.125,4204935.25,53.383,7
2026-05-24,Contenedores,M4,544557,4430520.375,141195,4837.875,931935,924349.375,15.461,3885963.375,136357.125,3749606.25,79.41,7
2026-05-31,Contenedores,M4,94951,4430520.375,66870,4837.875,1259872,924349.375,3.648,4335569.375,62032.125,4273537.25,58.677,7
2026-06-07,Contenedores,M4,44290,4430520.375,197158,4837.875,1424884,924349.375,5.444,4386230.375,192320.125,4193910.25,18.343,7
2026-06-14,Contenedores,M4,104635,4430520.375,201021,4837.875,1287774,924349.375,6.891,4325885.375,196183.125,4129702.25,34.233,7
2026-06-21,Contenedores,M4,331789,4430520.375,84669,4837.875,1150444,924349.375,9.39,4098731.375,79831.125,4018900.25,79.669,7
2026-06-28,Contenedores,M4,860547,4430520.375,244690,4837.875,1021762,924349.375,24.919,3569973.375,239852.125,3330121.25,77.861,7
2026-07-05,Contenedores,M4,615767,4430520.375,172679,4837.875,1019535,924349.375,17.776,3814753.375,167841.125,3646912.25,78.099,7
2026-07-12,Contenedores,M4,776794,4430520.375,290017,4837.875,1080294,924349.375,24.052,3653726.375,285179.125,3368547.25,72.815,7
2026-07-19,Contenedores,M4,809918,4430520.375,254928,4837.875,1538888,924349.375,24.008,3620602.375,250090.125,3370512.25,76.06,7
2026-07-26,Contenedores,M4,575656,4430520.375,237879,4837.875,1267434,924349.375,18.342,3854864.375,233041.125,3621823.25,70.76,7
2026-08-02,Contenedores,M4,648406,4430520.375,264078,4837.875,1115371,924349.375,20.573,3782114.375,259240.125,3522874.25,71.059,7
2026-08-09,Contenedores,M4,570354,4430520.375,278556,4837.875,1217821,924349.375,19.14,3860166.375,273718.125,3586448.25,67.187,7
2026-08-16,Contenedores,M4,481701,4430520.375,140181,4837.875,1248556,924349.375,14.021,3948819.375,135343.125,3813476.25,77.459,7
2026-08-23,Contenedores,M4,458918,4430520.375,156810,4837.875,1251199,924349.375,13.882,3971602.375,151972.125,3819630.25,74.533,7
2026-08-30,Contenedores,M4,503354,4430520.375,223011,4837.875,1171485,924349.375,16.377,3927166.375,218173.125,3708993.25,69.298,7
2026-09-06,Contenedores,M4,489104,4430520.375,175339,4837.875,1075824,924349.375,14.981,3941416.375,170501.125,3770915.25,73.611,7
2026-09-13,Contenedores,M4,646878,4430520.375,282356,4837.875,1478430,924349.375,20.951,3783642.375,277518.125,3506124.25,69.614,7
2026-09-20,Contenedores,M4,864985,4430520.375,206535,4837.875,1066462,924349.375,24.159,3565535.375,201697.125,3363838.25,80.725,7
2026-09-27,Contenedores,M4,370624,3164657.411,181820,3455.625,962598,660249.554,17.438,2794033.411,178364.375,2615669.036,67.088,5
2026-03-01,Carga general + RoRo,M3,14485,11337.5,0,0.0,2396,0.0,127.762,-3147.5,0.0,-3147.5,100.0,1
2026-03-08,Carga general + RoRo,M3,61146,190958.0,1273,293.5,15167,31160.5,32.637,129812.0,979.5,128832.5,97.961,7
2026-03-15,Carga general + RoRo,M3,44767,193969.0,7691,2086.5,32066,25662.5,26.757,149202.0,5604.5,143597.5,85.339,7
2026-03-22,Carga general + RoRo,M3,62649,164582.5,812,1113.5,45327,35563.0,38.3,101933.5,-301.5,102235.0,98.72,7
2026-03-29,Carga general + RoRo,M3,56753,135082.5,8939,1801.5,8425,42338.0,47.991,78329.5,7137.5,71192.0,86.393,7
2026-04-05,Carga general + RoRo,M3,72529,200853.5,5344,3027.5,37388,25657.0,38.195,128324.5,2316.5,126008.0,93.138,7
2026-04-12,Carga general + RoRo,M3,62935,178965.0,3456,3024.0,64014,24212.5,36.481,116030.0,432.0,115598.0,94.794,7
2026-04-19,Carga general + RoRo,M3,80578,141930.5,4857,4827.0,67688,24024.5,58.215,61352.5,30.0,61322.5,94.315,7
2026-04-26,Carga general + RoRo,M3,104240,185471.0,29141,205.0,60402,36411.5,71.835,81231.0,28936.0,52295.0,78.152,7
2026-05-03,Carga general + RoRo,M3,89509,194397.0,29421,918.0,15833,34653.0,60.891,104888.0,28503.0,76385.0,75.262,7
2026-05-10,Carga general + RoRo,M3,66085,177422.5,21831,1895.5,4528,27018.0,49.028,111337.5,19935.5,91402.0,75.168,7
2026-05-17,Carga general + RoRo,M3,74624,188166.5,3674,461.5,24080,20072.0,41.509,113542.5,3212.5,110330.0,95.308,7
2026-05-24,Carga general + RoRo,M3,58879,177109.5,8158,0.0,53570,13406.0,37.851,118230.5,8158.0,110072.5,87.831,7
2026-05-31,Carga general + RoRo,M3,59555,156411.0,11860,5833.0,47432,14569.0,44.017,96856.0,6027.0,90829.0,83.393,7
2026-06-07,Carga general + RoRo,M3,90868,152589.5,0,0.0,18234,57405.5,59.551,61721.5,0.0,61721.5,100.0,7
2026-06-14,Carga general + RoRo,M3,86571,151231.5,6599,5437.5,36461,60046.5,59.469,64660.5,1161.5,63499.0,92.917,7
2026-06-21,Carga general + RoRo,M3,130787,172554.0,1284,2269.0,43181,19439.0,75.546,41767.0,-985.0,42752.0,99.028,7
2026-06-28,Carga general + RoRo,M3,124666,165275.0,11651,918.0,27255,23746.5,82.023,40609.0,10733.0,29876.0,91.453,7
2026-07-05,Carga general + RoRo,M3,125308,185765.0,21430,1536.0,32379,15240.5,78.343,60457.0,19894.0,40563.0,85.396,7
2026-07-12,Carga general + RoRo,M3,122565,175797.0,31480,333.0,42915,28575.5,87.461,53232.0,31147.0,22085.0,79.564,7
2026-07-19,Carga general + RoRo,M3,103342,173698.0,6459,0.0,55592,39613.5,63.214,70356.0,6459.0,63897.0,94.118,7
2026-07-26,Carga general + RoRo,M3,119324,192221.5,9506,2094.5,56205,30508.5,66.299,72897.5,7411.5,65486.0,92.621,7
2026-08-02,Carga general + RoRo,M3,129140,147283.0,7929,3264.5,27677,23501.0,91.047,18143.0,4664.5,13478.5,94.215,7
2026-08-09,Carga general + RoRo,M3,100323,168939.0,11712,1586.5,46959,28356.0,65.7,68616.0,10125.5,58490.5,89.546,7
2026-08-16,Carga general + RoRo,M3,100935,174556.0,2957,0.0,28880,30740.5,59.518,73621.0,2957.0,70664.0,97.154,7
2026-08-23,Carga general + RoRo,M3,135225,197494.5,13347,0.0,31086,28455.5,75.228,62269.5,13347.0,48922.5,91.016,7
2026-08-30,Carga general + RoRo,M3,101320,206130.5,21386,0.0,44275,34838.5,59.528,104810.5,21386.0,83424.5,82.571,7
2026-09-06,Carga general + RoRo,M3,109713,203359.0,16596,461.5,13357,20956.0,61.971,93646.0,16134.5,77511.5,86.861,7
2026-09-13,Carga general + RoRo,M3,141223,210284.5,10208,2706.0,87513,40786.0,71.098,69061.5,7502.0,61559.5,93.259,7
2026-09-20,Carga general + RoRo,M3,89030,172053.5,13963,0.0,36333,22240.5,59.861,83023.5,13963.0,69060.5,86.443,7
2026-09-27,Carga general + RoRo,M3,98882,139591.0,22516,461.5,25548,6157.0,86.68,40709.0,22054.5,18654.5,81.453,5
2026-03-01,Carga general + RoRo,M1,14485,13152.0,0,0.0,2396,0.0,110.135,-1333.0,0.0,-1333.0,100.0,1
2026-03-08,Carga general + RoRo,M1,61146,210076.0,1273,0.0,15167,7190.0,29.713,148930.0,1273.0,147657.0,97.961,7
2026-03-15,Carga general + RoRo,M1,44767,230920.0,7691,0.0,32066,21687.0,22.717,186153.0,7691.0,178462.0,85.339,7
2026-03-22,Carga general + RoRo,M1,62649,155913.0,812,1640.0,45327,32379.0,40.279,93264.0,-828.0,94092.0,98.72,7
2026-03-29,Carga general + RoRo,M1,56753,116775.0,8939,0.0,8425,35067.0,56.255,60022.0,8939.0,51083.0,86.393,7
2026-04-05,Carga general + RoRo,M1,72529,211440.0,5344,0.0,37388,23935.0,36.83,138911.0,5344.0,133567.0,93.138,7
2026-04-12,Carga general + RoRo,M1,62935,187441.0,3456,2702.0,64014,11612.0,34.916,124506.0,754.0,123752.0,94.794,7
2026-04-19,Carga general + RoRo,M1,80578,132528.0,4857,9654.0,67688,21540.0,60.088,51950.0,-4797.0,56747.0,94.315,7
2026-04-26,Carga general + RoRo,M1,104240,226778.0,29141,0.0,60402,37722.0,58.816,122538.0,29141.0,93397.0,78.152,7
2026-05-03,Carga general + RoRo,M1,89509,233275.0,29421,0.0,15833,22898.0,50.983,143766.0,29421.0,114345.0,75.262,7
2026-05-10,Carga general + RoRo,M1,66085,161243.0,21831,0.0,4528,15417.0,54.524,95158.0,21831.0,73327.0,75.168,7
2026-05-17,Carga general + RoRo,M1,74624,184167.0,3674,0.0,24080,22854.0,42.515,109543.0,3674.0,105869.0,95.308,7
2026-05-24,Carga general + RoRo,M1,58879,146146.0,8158,0.0,53570,16389.0,45.87,87267.0,8158.0,79109.0,87.831,7
2026-05-31,Carga general + RoRo,M1,59555,128006.0,11860,9390.0,47432,22555.0,51.977,68451.0,2470.0,65981.0,83.393,7
2026-06-07,Carga general + RoRo,M1,90868,134871.0,0,0.0,18234,37956.0,67.374,44003.0,0.0,44003.0,100.0,7
2026-06-14,Carga general + RoRo,M1,86571,169143.0,6599,2753.0,36461,64695.0,54.201,82572.0,3846.0,78726.0,92.917,7
2026-06-21,Carga general + RoRo,M1,130787,175635.0,1284,4538.0,43181,21203.0,73.302,44848.0,-3254.0,48102.0,99.028,7
2026-06-28,Carga general + RoRo,M1,124666,163940.0,11651,1836.0,27255,41351.0,82.23,39274.0,9815.0,29459.0,91.453,7
2026-07-05,Carga general + RoRo,M1,125308,196226.0,21430,370.0,32379,12934.0,74.639,70918.0,21060.0,49858.0,85.396,7
2026-07-12,Carga general + RoRo,M1,122565,192136.0,31480,0.0,42915,33074.0,80.175,69571.0,31480.0,38091.0,79.564,7
2026-07-19,Carga general + RoRo,M1,103342,189134.0,6459,0.0,55592,18236.0,58.055,85792.0,6459.0,79333.0,94.118,7
2026-07-26,Carga general + RoRo,M1,119324,224711.0,9506,1836.0,56205,53173.0,56.867,105387.0,7670.0,97717.0,92.621,7
2026-08-02,Carga general + RoRo,M1,129140,164263.0,7929,6529.0,27677,11775.0,80.255,35123.0,1400.0,33723.0,94.215,7
2026-08-09,Carga general + RoRo,M1,100323,183874.0,11712,3173.0,46959,45023.0,59.897,83551.0,8539.0,75012.0,89.546,7
2026-08-16,Carga general + RoRo,M1,100935,179114.0,2957,0.0,28880,6111.0,58.003,78179.0,2957.0,75222.0,97.154,7
2026-08-23,Carga general + RoRo,M1,135225,180555.0,13347,0.0,31086,36580.0,82.286,45330.0,13347.0,31983.0,91.016,7
2026-08-30,Carga general + RoRo,M1,101320,208270.0,21386,0.0,44275,19488.0,58.917,106950.0,21386.0,85564.0,82.571,7
2026-09-06,Carga general + RoRo,M1,109713,217502.0,16596,0.0,13357,22311.0,58.073,107789.0,16596.0,91193.0,86.861,7
2026-09-13,Carga general + RoRo,M1,141223,217963.0,10208,5412.0,87513,48021.0,67.792,76740.0,4796.0,71944.0,93.259,7
2026-09-20,Carga general + RoRo,M1,89030,166286.0,13963,0.0,36333,32865.0,61.937,77256.0,13963.0,63293.0,86.443,7
2026-09-27,Carga general + RoRo,M1,98882,142035.0,22516,0.0,25548,4931.0,85.47,43153.0,22516.0,20637.0,81.453,5
2026-03-01,Carga general + RoRo,M4,14485,33544.857,0,839.268,2396,3233.214,42.127,19059.857,-839.268,19899.125,100.0,1
2026-03-08,Carga general + RoRo,M4,61146,234814.0,1273,5874.875,15167,22632.5,25.933,173668.0,-4601.875,178269.875,97.961,7
2026-03-15,Carga general + RoRo,M4,44767,234814.0,7691,5874.875,32066,22632.5,21.795,190047.0,1816.125,188230.875,85.339,7
2026-03-22,Carga general + RoRo,M4,62649,234814.0,812,5874.875,45327,22632.5,26.366,172165.0,-5062.875,177227.875,98.72,7
2026-03-29,Carga general + RoRo,M4,56753,234814.0,8939,5874.875,8425,22632.5,27.293,178061.0,3064.125,174996.875,86.393,7
2026-04-05,Carga general + RoRo,M4,72529,234814.0,5344,5874.875,37388,22632.5,32.354,162285.0,-530.875,162815.875,93.138,7
2026-04-12,Carga general + RoRo,M4,62935,234814.0,3456,5874.875,64014,22632.5,27.584,171879.0,-2418.875,174297.875,94.794,7
2026-04-19,Carga general + RoRo,M4,80578,234814.0,4857,5874.875,67688,22632.5,35.496,154236.0,-1017.875,155253.875,94.315,7
2026-04-26,Carga general + RoRo,M4,104240,234814.0,29141,5874.875,60402,22632.5,55.416,130574.0,23266.125,107307.875,78.152,7
2026-05-03,Carga general + RoRo,M4,89509,234814.0,29421,5874.875,15833,22632.5,49.412,145305.0,23546.125,121758.875,75.262,7
2026-05-10,Carga general + RoRo,M4,66085,234814.0,21831,5874.875,4528,22632.5,36.527,168729.0,15956.125,152772.875,75.168,7
2026-05-17,Carga general + RoRo,M4,74624,234814.0,3674,5874.875,24080,22632.5,32.531,160190.0,-2200.875,162390.875,95.308,7
2026-05-24,Carga general + RoRo,M4,58879,234814.0,8158,5874.875,53570,22632.5,27.852,175935.0,2283.125,173651.875,87.831,7
2026-05-31,Carga general + RoRo,M4,59555,234814.0,11860,5874.875,47432,22632.5,29.671,175259.0,5985.125,169273.875,83.393,7
2026-06-07,Carga general + RoRo,M4,90868,234814.0,0,5874.875,18234,22632.5,37.753,143946.0,-5874.875,149820.875,100.0,7
2026-06-14,Carga general + RoRo,M4,86571,234814.0,6599,5874.875,36461,22632.5,38.71,148243.0,724.125,147518.875,92.917,7
2026-06-21,Carga general + RoRo,M4,130787,234814.0,1284,5874.875,43181,22632.5,54.872,104027.0,-4590.875,108617.875,99.028,7
2026-06-28,Carga general + RoRo,M4,124666,234814.0,11651,5874.875,27255,22632.5,56.636,110148.0,5776.125,104371.875,91.453,7
2026-07-05,Carga general + RoRo,M4,125308,234814.0,21430,5874.875,32379,22632.5,60.966,109506.0,15555.125,93950.875,85.396,7
2026-07-12,Carga general + RoRo,M4,122565,234814.0,31480,5874.875,42915,22632.5,64.002,112249.0,25605.125,86643.875,79.564,7
2026-07-19,Carga general + RoRo,M4,103342,234814.0,6459,5874.875,55592,22632.5,45.619,131472.0,584.125,130887.875,94.118,7
2026-07-26,Carga general + RoRo,M4,119324,234814.0,9506,5874.875,56205,22632.5,53.526,115490.0,3631.125,111858.875,92.621,7
2026-08-02,Carga general + RoRo,M4,129140,234814.0,7929,5874.875,27677,22632.5,56.949,105674.0,2054.125,103619.875,94.215,7
2026-08-09,Carga general + RoRo,M4,100323,234814.0,11712,5874.875,46959,22632.5,46.548,134491.0,5837.125,128653.875,89.546,7
2026-08-16,Carga general + RoRo,M4,100935,234814.0,2957,5874.875,28880,22632.5,43.164,133879.0,-2917.875,136796.875,97.154,7
2026-08-23,Carga general + RoRo,M4,135225,234814.0,13347,5874.875,31086,22632.5,61.728,99589.0,7472.125,92116.875,91.016,7
2026-08-30,Carga general + RoRo,M4,101320,234814.0,21386,5874.875,44275,22632.5,50.981,133494.0,15511.125,117982.875,82.571,7
2026-09-06,Carga general + RoRo,M4,109713,234814.0,16596,5874.875,13357,22632.5,52.478,125101.0,10721.125,114379.875,86.861,7
2026-09-13,Carga general + RoRo,M4,141223,234814.0,10208,5874.875,87513,22632.5,62.916,93591.0,4333.125,89257.875,93.259,7
2026-09-20,Carga general + RoRo,M4,89030,234814.0,13963,5874.875,36333,22632.5,42.791,145784.0,8088.125,137695.875,86.443,7
2026-09-27,Carga general + RoRo,M4,98882,167724.286,22516,4196.339,25548,16166.071,70.613,68842.286,18319.661,50522.625,81.453,5
2026-03-01,Granel seco,M3,144995,182221.0,48294,12025.5,0,294922.5,99.507,37226.0,36268.5,957.5,75.015,1
2026-03-08,Granel seco,M3,378285,2018280.0,15157,224395.0,560501,1110560.0,17.543,1639995.0,-209238.0,1849233.0,96.148,7
2026-03-15,Granel seco,M3,538396,2016138.0,5166,236183.5,257306,816806.5,24.133,1477742.0,-231017.5,1708759.5,99.05,7
2026-03-22,Granel seco,M3,698044,1687723.5,0,284432.5,795880,984331.0,35.395,989679.5,-284432.5,1274112.0,100.0,7
2026-03-29,Granel seco,M3,425275,1618392.5,67623,132747.5,323442,857023.5,28.147,1193117.5,-65124.5,1258242.0,86.281,7
2026-04-05,Granel seco,M3,667135,1875569.0,185341,193190.5,1001015,1130788.5,41.207,1208434.0,-7849.5,1216283.5,78.259,7
2026-04-12,Granel seco,M3,379558,1740573.0,504092,185024.5,664694,1136087.0,45.89,1361015.0,319067.5,1041947.5,42.953,7
2026-04-19,Granel seco,M3,544915,1599795.0,329217,179682.5,683374,770783.5,49.123,1054880.0,149534.5,905345.5,62.338,7
2026-04-26,Granel seco,M3,599115,2023336.5,260113,281868.5,732068,883273.0,37.273,1424221.5,-21755.5,1445977.0,69.727,7
2026-05-03,Granel seco,M3,632050,1695907.0,389772,217613.0,1150501,830975.0,53.4,1063857.0,172159.0,891698.0,61.855,7
2026-05-10,Granel seco,M3,763726,1894956.0,250598,149319.5,1144689,1418660.5,49.618,1131230.0,101278.5,1029951.5,75.294,7
2026-05-17,Granel seco,M3,709238,1658167.0,191587,132186.5,702393,1034820.5,50.315,948929.0,59400.5,889528.5,78.732,7
2026-05-24,Granel seco,M3,726868,1821239.5,323953,146677.0,683903,874240.5,53.398,1094371.5,177276.0,917095.5,69.171,7
2026-05-31,Granel seco,M3,236184,1767774.0,205003,159836.0,1198853,1061047.0,22.888,1531590.0,45167.0,1486423.0,53.534,7
2026-06-07,Granel seco,M3,1031378,1666656.0,265561,237540.5,1006544,896692.0,68.11,635278.0,28020.5,607257.5,79.524,7
2026-06-14,Granel seco,M3,1408205,1792384.5,360643,209320.5,952527,770340.0,88.367,384179.5,151322.5,232857.0,79.611,7
2026-06-21,Granel seco,M3,586299,1402208.5,0,318247.0,1089279,1127303.0,34.078,815909.5,-318247.0,1134156.5,100.0,7
2026-06-28,Granel seco,M3,847468,1777987.5,349910,239076.5,879571,775106.5,59.362,930519.5,110833.5,819686.0,70.777,7
2026-07-05,Granel seco,M3,913090,1311524.0,463797,230792.0,553942,910690.5,89.274,398434.0,233005.0,165429.0,66.316,7
2026-07-12,Granel seco,M3,713161,1517969.0,253460,262721.0,427404,999041.5,54.284,804808.0,-9261.0,814069.0,73.779,7
2026-07-19,Granel seco,M3,285513,1978154.5,332907,278118.5,830515,1031675.0,27.409,1692641.5,54788.5,1637853.0,46.168,7
2026-07-26,Granel seco,M3,569784,1346386.5,571168,186586.0,788895,978248.0,74.427,776602.5,384582.0,392020.5,49.939,7
2026-08-02,Granel seco,M3,386594,1789392.0,248468,259447.5,1139550,1185025.0,30.996,1402798.0,-10979.5,1413777.5,60.875,7
2026-08-09,Granel seco,M3,560181,1725320.0,468017,200759.5,877289,1134685.5,53.383,1165139.0,267257.5,897881.5,54.482,7
2026-08-16,Granel seco,M3,706362,1850201.0,316045,213253.0,923940,903401.5,49.548,1143839.0,102792.0,1041047.0,69.088,7
2026-08-23,Granel seco,M3,230493,1717221.5,363839,204532.5,710189,921127.5,30.927,1486728.5,159306.5,1327422.0,38.782,7
2026-08-30,Granel seco,M3,587702,1712136.0,430498,248108.5,808806,1198605.0,51.943,1124434.0,182389.5,942044.5,57.72,7
2026-09-06,Granel seco,M3,674215,1597612.0,316460,292222.5,1210230,1138345.5,52.421,923397.0,24237.5,899159.5,68.056,7
2026-09-13,Granel seco,M3,444871,1821417.5,180372,312814.5,1399346,555362.5,29.296,1376546.5,-132442.5,1508989.0,71.152,7
2026-09-20,Granel seco,M3,507192,1994716.0,437665,210262.5,775180,870017.5,42.851,1487524.0,227402.5,1260121.5,53.679,7
2026-09-27,Granel seco,M3,421717,1296792.0,297241,121196.5,548462,1138354.5,50.703,875075.0,176044.5,699030.5,58.657,5
2026-03-01,Granel seco,M1,144995,50688.0,48294,0.0,0,468377.0,381.331,-94307.0,48294.0,-142601.0,75.015,1
2026-03-08,Granel seco,M1,378285,2262002.0,15157,257171.0,560501,1300761.0,15.618,1883717.0,-242014.0,2125731.0,96.148,7
2026-03-15,Granel seco,M1,538396,2023288.0,5166,189095.0,257306,682386.0,24.569,1484892.0,-183929.0,1668821.0,99.05,7
2026-03-22,Granel seco,M1,698044,1727271.0,0,316181.0,795880,870194.0,34.16,1029227.0,-316181.0,1345408.0,100.0,7
2026-03-29,Granel seco,M1,425275,1579560.0,67623,206231.0,323442,934254.0,27.601,1154285.0,-138608.0,1292893.0,86.281,7
2026-04-05,Granel seco,M1,667135,1910232.0,185341,224500.0,1001015,1055524.0,39.934,1243097.0,-39159.0,1282256.0,78.259,7
2026-04-12,Granel seco,M1,379558,1662603.0,504092,253672.0,664694,874209.0,46.113,1283045.0,250420.0,1032625.0,42.953,7
2026-04-19,Granel seco,M1,544915,1315556.0,329217,359365.0,683374,727984.0,52.189,770641.0,-30148.0,800789.0,62.338,7
2026-04-26,Granel seco,M1,599115,1937166.0,260113,186608.0,732068,584865.0,40.458,1338051.0,73505.0,1264546.0,69.727,7
2026-05-03,Granel seco,M1,632050,1642356.0,389772,313945.0,1150501,1042358.0,52.232,1010306.0,75827.0,934479.0,61.855,7
2026-05-10,Granel seco,M1,763726,1699809.0,250598,144497.0,1144689,1289657.0,54.998,936083.0,106101.0,829982.0,75.294,7
2026-05-17,Granel seco,M1,709238,1767156.0,191587,99365.0,702393,947205.0,48.262,1057918.0,92222.0,965696.0,78.732,7
2026-05-24,Granel seco,M1,726868,1800567.0,323953,168321.0,683903,865843.0,53.371,1073699.0,155632.0,918067.0,69.171,7
2026-05-31,Granel seco,M1,236184,1926488.0,205003,233402.0,1198853,872293.0,20.426,1690304.0,-28399.0,1718703.0,53.534,7
2026-06-07,Granel seco,M1,1031378,1520499.0,265561,218331.0,1006544,1277994.0,74.587,489121.0,47230.0,441891.0,79.524,7
2026-06-14,Granel seco,M1,1408205,1986909.0,360643,235517.0,952527,649180.0,79.591,578704.0,125126.0,453578.0,79.611,7
2026-06-21,Granel seco,M1,586299,1216875.0,0,344833.0,1089279,983624.0,37.542,630576.0,-344833.0,975409.0,100.0,7
2026-06-28,Granel seco,M1,847468,1682153.0,349910,351579.0,879571,650687.0,58.876,834685.0,-1669.0,836354.0,70.777,7
2026-07-05,Granel seco,M1,913090,1373779.0,463797,311715.0,553942,1079113.0,81.69,460689.0,152082.0,308607.0,66.316,7
2026-07-12,Granel seco,M1,713161,1615592.0,253460,340421.0,427404,1290074.0,49.418,902431.0,-86961.0,989392.0,73.779,7
2026-07-19,Granel seco,M1,285513,2068006.0,332907,239506.0,830515,909599.0,26.8,1782493.0,93401.0,1689092.0,46.168,7
2026-07-26,Granel seco,M1,569784,1564430.0,571168,243240.0,788895,1148914.0,63.117,994646.0,327928.0,666718.0,49.939,7
2026-08-02,Granel seco,M1,386594,1822318.0,248468,263808.0,1139550,1297505.0,30.442,1435724.0,-15340.0,1451064.0,60.875,7
2026-08-09,Granel seco,M1,560181,1567076.0,468017,188599.0,877289,1228325.0,58.564,1006895.0,279418.0,727477.0,54.482,7
2026-08-16,Granel seco,M1,706362,1835937.0,316045,319828.0,923940,1189149.0,47.427,1129575.0,-3783.0,1133358.0,69.088,7
2026-08-23,Granel seco,M1,230493,1709029.0,363839,265962.0,710189,815054.0,30.093,1478536.0,97877.0,1380659.0,38.782,7
2026-08-30,Granel seco,M1,587702,1607567.0,430498,307453.0,808806,1293020.0,53.169,1019865.0,123045.0,896820.0,57.72,7
2026-09-06,Granel seco,M1,674215,1620382.0,316460,275624.0,1210230,1015424.0,52.251,946167.0,40836.0,905331.0,68.056,7
2026-09-13,Granel seco,M1,444871,1766551.0,180372,390386.0,1399346,590789.0,28.988,1321680.0,-210014.0,1531694.0,71.152,7
2026-09-20,Granel seco,M1,507192,1960914.0,437665,174817.0,775180,1117753.0,44.24,1453722.0,262848.0,1190874.0,53.679,7
2026-09-27,Granel seco,M1,421717,963451.0,297241,182904.0,548462,1225039.0,62.717,541734.0,114337.0,427397.0,58.657,5
2026-03-01,Granel seco,M4,144995,257925.214,48294,51783.589,0,135236.571,62.41,112930.214,-3489.589,116419.804,75.015,1
2026-03-08,Granel seco,M4,378285,1805476.5,15157,362485.125,560501,946656.0,18.148,1427191.5,-347328.125,1774519.625,96.148,7
2026-03-15,Granel seco,M4,538396,1805476.5,5166,362485.125,257306,946656.0,25.072,1267080.5,-357319.125,1624399.625,99.05,7
2026-03-22,Granel seco,M4,698044,1805476.5,0,362485.125,795880,946656.0,32.198,1107432.5,-362485.125,1469917.625,100.0,7
2026-03-29,Granel seco,M4,425275,1805476.5,67623,362485.125,323442,946656.0,22.736,1380201.5,-294862.125,1675063.625,86.281,7
2026-04-05,Granel seco,M4,667135,1805476.5,185341,362485.125,1001015,946656.0,39.322,1138341.5,-177144.125,1315485.625,78.259,7
2026-04-12,Granel seco,M4,379558,1805476.5,504092,362485.125,664694,946656.0,40.759,1425918.5,141606.875,1284311.625,42.953,7
2026-04-19,Granel seco,M4,544915,1805476.5,329217,362485.125,683374,946656.0,40.32,1260561.5,-33268.125,1293829.625,62.338,7
2026-04-26,Granel seco,M4,599115,1805476.5,260113,362485.125,732068,946656.0,39.633,1206361.5,-102372.125,1308733.625,69.727,7
2026-05-03,Granel seco,M4,632050,1805476.5,389772,362485.125,1150501,946656.0,47.133,1173426.5,27286.875,1146139.625,61.855,7
2026-05-10,Granel seco,M4,763726,1805476.5,250598,362485.125,1144689,946656.0,46.787,1041750.5,-111887.125,1153637.625,75.294,7
2026-05-17,Granel seco,M4,709238,1805476.5,191587,362485.125,702393,946656.0,41.552,1096238.5,-170898.125,1267136.625,78.732,7
2026-05-24,Granel seco,M4,726868,1805476.5,323953,362485.125,683903,946656.0,48.47,1078608.5,-38532.125,1117140.625,69.171,7
2026-05-31,Granel seco,M4,236184,1805476.5,205003,362485.125,1198853,946656.0,20.35,1569292.5,-157482.125,1726774.625,53.534,7
2026-06-07,Granel seco,M4,1031378,1805476.5,265561,362485.125,1006544,946656.0,59.823,774098.5,-96924.125,871022.625,79.524,7
2026-06-14,Granel seco,M4,1408205,1805476.5,360643,362485.125,952527,946656.0,81.59,397271.5,-1842.125,399113.625,79.611,7
2026-06-21,Granel seco,M4,586299,1805476.5,0,362485.125,1089279,946656.0,27.044,1219177.5,-362485.125,1581662.625,100.0,7
2026-06-28,Granel seco,M4,847468,1805476.5,349910,362485.125,879571,946656.0,55.231,958008.5,-12575.125,970583.625,70.777,7
2026-07-05,Granel seco,M4,913090,1805476.5,463797,362485.125,553942,946656.0,63.511,892386.5,101311.875,791074.625,66.316,7
2026-07-12,Granel seco,M4,713161,1805476.5,253460,362485.125,427404,946656.0,44.587,1092315.5,-109025.125,1201340.625,73.779,7
2026-07-19,Granel seco,M4,285513,1805476.5,332907,362485.125,830515,946656.0,28.525,1519963.5,-29578.125,1549541.625,46.168,7
2026-07-26,Granel seco,M4,569784,1805476.5,571168,362485.125,788895,946656.0,52.628,1235692.5,208682.875,1027009.625,49.939,7
2026-08-02,Granel seco,M4,386594,1805476.5,248468,362485.125,1139550,946656.0,29.293,1418882.5,-114017.125,1532899.625,60.875,7
2026-08-09,Granel seco,M4,560181,1805476.5,468017,362485.125,877289,946656.0,47.427,1245295.5,105531.875,1139763.625,54.482,7
2026-08-16,Granel seco,M4,706362,1805476.5,316045,362485.125,923940,946656.0,47.16,1099114.5,-46440.125,1145554.625,69.088,7
2026-08-23,Granel seco,M4,230493,1805476.5,363839,362485.125,710189,946656.0,27.414,1574983.5,1353.875,1573629.625,38.782,7
2026-08-30,Granel seco,M4,587702,1805476.5,430498,362485.125,808806,946656.0,46.966,1217774.5,68012.875,1149761.625,57.72,7
2026-09-06,Granel seco,M4,674215,1805476.5,316460,362485.125,1210230,946656.0,45.696,1131261.5,-46025.125,1177286.625,68.056,7
2026-09-13,Granel seco,M4,444871,1805476.5,180372,362485.125,1399346,946656.0,28.84,1360605.5,-182113.125,1542718.625,71.152,7
2026-09-20,Granel seco,M4,507192,1805476.5,437665,362485.125,775180,946656.0,43.583,1298284.5,75179.875,1223104.625,53.679,7
2026-09-27,Granel seco,M4,421717,1289626.071,297241,258917.946,548462,676182.857,46.428,867909.071,38323.054,829586.018,58.657,5
2026-03-01,Tanqueros,M3,164555,442461.5,142736,190761.0,24672,54908.5,48.528,277906.5,-48025.0,325931.5,53.55,1
2026-03-08,Tanqueros,M3,1017482,2144448.0,42052,1532033.0,355646,431950.0,28.819,1126966.0,-1489981.0,2616947.0,96.031,7
2026-03-15,Tanqueros,M3,289036,2357928.5,11780,1569525.5,252504,382516.5,7.659,2068892.5,-1557745.5,3626638.0,96.084,7
2026-03-22,Tanqueros,M3,380348,2467322.0,49314,1486111.0,222025,296848.0,10.868,2086974.0,-1436797.0,3523771.0,88.523,7
2026-03-29,Tanqueros,M3,412663,2005661.5,81212,1377722.0,304977,457764.0,14.597,1592998.5,-1296510.0,2889508.5,83.556,7
2026-04-05,Tanqueros,M3,583276,2758979.0,218749,1557456.5,437069,447660.0,18.581,2175703.0,-1338707.5,3514410.5,72.725,7
2026-04-12,Tanqueros,M3,110245,1571873.0,294211,1395638.0,239614,404911.5,13.629,1461628.0,-1101427.0,2563055.0,27.258,7
2026-04-19,Tanqueros,M3,294545,2002083.5,252526,1168277.5,236158,331028.0,17.256,1707538.5,-915751.5,2623290.0,53.84,7
2026-04-26,Tanqueros,M3,437641,1914634.0,473297,1466511.5,320635,529112.0,26.942,1476993.0,-993214.5,2470207.5,48.043,7
2026-05-03,Tanqueros,M3,396399,1770546.5,642740,1497687.0,574845,588072.0,31.795,1374147.5,-854947.0,2229094.5,38.147,7
2026-05-10,Tanqueros,M3,219046,2243357.5,113350,1505262.5,292642,493981.0,8.867,2024311.5,-1391912.5,3416224.0,65.899,7
2026-05-17,Tanqueros,M3,452313,2115627.5,60178,1507454.5,317679,319519.5,14.145,1663314.5,-1447276.5,3110591.0,88.258,7
2026-05-24,Tanqueros,M3,363376,2381267.0,166953,1572650.5,358716,600639.5,13.413,2017891.0,-1405697.5,3423588.5,68.519,7
2026-05-31,Tanqueros,M3,386409,2011941.0,191617,1363480.5,462904,571446.5,17.125,1625532.0,-1171863.5,2797395.5,66.85,7
2026-06-07,Tanqueros,M3,3008533,1753795.5,178358,1584070.5,625209,471811.0,95.477,-1254737.5,-1405712.5,150975.0,94.403,7
2026-06-14,Tanqueros,M3,2772826,2399787.0,233969,1436700.5,373253,401223.0,78.374,-373039.0,-1202731.5,829692.5,92.219,7
2026-06-21,Tanqueros,M3,411621,2255202.0,25164,1697577.0,367993,461113.5,11.05,1843581.0,-1672413.0,3515994.0,94.239,7
2026-06-28,Tanqueros,M3,906978,2080425.0,659381,1304564.0,482034,683460.5,46.274,1173447.0,-645183.0,1818630.0,57.904,7
2026-07-05,Tanqueros,M3,600775,1906030.0,587356,1425743.0,209802,479497.0,35.661,1305255.0,-838387.0,2143642.0,50.565,7
2026-07-12,Tanqueros,M3,320183,2732381.0,563701,1550638.0,696876,536506.5,20.637,2412198.0,-986937.0,3399135.0,36.225,7
2026-07-19,Tanqueros,M3,481632,2163339.0,764145,1366607.0,334047,473010.0,35.292,1681707.0,-602462.0,2284169.0,38.661,7
2026-07-26,Tanqueros,M3,392329,2261053.0,654789,1266614.5,582060,650040.0,29.683,1868724.0,-611825.5,2480549.5,37.468,7
2026-08-02,Tanqueros,M3,488554,1993582.5,628165,1374663.5,401619,544181.0,33.154,1505028.5,-746498.5,2251527.0,43.749,7
2026-08-09,Tanqueros,M3,371380,2143052.0,622279,1400182.5,482126,602081.0,28.044,1771672.0,-777903.5,2549575.5,37.375,7
2026-08-16,Tanqueros,M3,344739,2014798.5,504064,1694178.5,450218,568761.0,22.885,1670059.5,-1190114.5,2860174.0,40.615,7
2026-08-23,Tanqueros,M3,510584,2357749.0,1132167,1550452.0,266440,536186.0,42.033,1847165.0,-418285.0,2265450.0,31.081,7
2026-08-30,Tanqueros,M3,412544,2407522.0,809561,1530040.0,279887,529400.0,31.037,1994978.0,-720479.0,2715457.0,33.757,7
2026-09-06,Tanqueros,M3,407594,2086812.5,579975,1499461.0,376725,421852.5,27.537,1679218.5,-919486.0,2598704.5,41.272,7
2026-09-13,Tanqueros,M3,510817,2477222.0,1247869,1572646.0,607155,414353.5,43.426,1966405.0,-324777.0,2291182.0,29.045,7
2026-09-20,Tanqueros,M3,207756,2518759.5,1096856,1373022.5,210632,588079.0,33.522,2311003.5,-276166.5,2587170.0,15.925,7
2026-09-27,Tanqueros,M3,363359,1783099.5,661091,1156508.5,216003,395126.0,34.85,1419740.5,-495417.5,1915158.0,35.469,5
2026-03-01,Tanqueros,M1,164555,242833.0,142736,119901.0,24672,60879.0,84.715,78278.0,22835.0,55443.0,53.55,1
2026-03-08,Tanqueros,M1,1017482,1843168.0,42052,1448471.0,355646,508861.0,32.189,825686.0,-1406419.0,2232105.0,96.031,7
2026-03-15,Tanqueros,M1,289036,1949593.0,11780,1656022.0,252504,304473.0,8.343,1660557.0,-1644242.0,3304799.0,96.084,7
2026-03-22,Tanqueros,M1,380348,2256289.0,49314,1502273.0,222025,290501.0,11.432,1875941.0,-1452959.0,3328900.0,88.523,7
2026-03-29,Tanqueros,M1,412663,1759670.0,81212,1691067.0,304977,509110.0,14.312,1347007.0,-1609855.0,2956862.0,83.556,7
2026-04-05,Tanqueros,M1,583276,2582260.0,218749,1352206.0,437069,465964.0,20.385,1998984.0,-1133457.0,3132441.0,72.725,7
2026-04-12,Tanqueros,M1,110245,1346812.0,294211,1302815.0,239614,380313.0,15.265,1236567.0,-1008604.0,2245171.0,27.258,7
2026-04-19,Tanqueros,M1,294545,2204986.0,252526,1312691.0,236158,340164.0,15.552,1910441.0,-1060165.0,2970606.0,53.84,7
2026-04-26,Tanqueros,M1,437641,1985627.0,473297,1097792.0,320635,698872.0,29.543,1547986.0,-624495.0,2172481.0,48.043,7
2026-05-03,Tanqueros,M1,396399,1642549.0,642740,1361980.0,574845,465303.0,34.586,1246150.0,-719240.0,1965390.0,38.147,7
2026-05-10,Tanqueros,M1,219046,2083619.0,113350,1309202.0,292642,377644.0,9.797,1864573.0,-1195852.0,3060425.0,65.899,7
2026-05-17,Tanqueros,M1,452313,1932375.0,60178,1357413.0,317679,403367.0,15.578,1480062.0,-1297235.0,2777297.0,88.258,7
2026-05-24,Tanqueros,M1,363376,1904630.0,166953,1457871.0,358716,911356.0,15.772,1541254.0,-1290918.0,2832172.0,68.519,7
2026-05-31,Tanqueros,M1,386409,1916592.0,191617,1288595.0,462904,585692.0,18.034,1530183.0,-1096978.0,2627161.0,66.85,7
2026-06-07,Tanqueros,M1,3008533,1487777.0,178358,1892919.0,625209,428904.0,94.267,-1520756.0,-1714561.0,193805.0,94.403,7
2026-06-14,Tanqueros,M1,2772826,2100086.0,233969,1426238.0,373253,523599.0,85.267,-672740.0,-1192269.0,519529.0,92.219,7
2026-06-21,Tanqueros,M1,411621,2555663.0,25164,1615122.0,367993,454972.0,10.472,2144042.0,-1589958.0,3734000.0,94.239,7
2026-06-28,Tanqueros,M1,906978,1743189.0,659381,1314193.0,482034,828750.0,51.232,836211.0,-654812.0,1491023.0,57.904,7
2026-07-05,Tanqueros,M1,600775,1685205.0,587356,1388865.0,209802,553465.0,38.65,1084430.0,-801509.0,1885939.0,50.565,7
2026-07-12,Tanqueros,M1,320183,2979200.0,563701,1385759.0,696876,616307.0,20.25,2659017.0,-822058.0,3481075.0,36.225,7
2026-07-19,Tanqueros,M1,481632,2021703.0,764145,1343280.0,334047,414741.0,37.022,1540071.0,-579135.0,2119206.0,38.661,7
2026-07-26,Tanqueros,M1,392329,2441880.0,654789,1273405.0,582060,639769.0,28.184,2049551.0,-618616.0,2668167.0,37.468,7
2026-08-02,Tanqueros,M1,488554,1991050.0,628165,1222005.0,401619,595843.0,34.756,1502496.0,-593840.0,2096336.0,43.749,7
2026-08-09,Tanqueros,M1,371380,1955768.0,622279,1368001.0,482126,648567.0,29.896,1584388.0,-745722.0,2330110.0,37.375,7
2026-08-16,Tanqueros,M1,344739,2109812.0,504064,1635793.0,450218,565897.0,22.661,1765073.0,-1131729.0,2896802.0,40.615,7
2026-08-23,Tanqueros,M1,510584,2338247.0,1132167,1389294.0,266440,575690.0,44.071,1827663.0,-257127.0,2084790.0,31.081,7
2026-08-30,Tanqueros,M1,412544,2327484.0,809561,1549458.0,279887,428698.0,31.522,1914940.0,-739897.0,2654837.0,33.757,7
2026-09-06,Tanqueros,M1,407594,2095730.0,579975,1437530.0,376725,416060.0,27.951,1688136.0,-857555.0,2545691.0,41.272,7
2026-09-13,Tanqueros,M1,510817,2174968.0,1247869,1468906.0,607155,359146.0,48.264,1664151.0,-221037.0,1885188.0,29.045,7
2026-09-20,Tanqueros,M1,207756,2722343.0,1096856,1239748.0,210632,623460.0,32.927,2514587.0,-142892.0,2657479.0,15.925,7
2026-09-27,Tanqueros,M1,363359,1560256.0,661091,1211585.0,216003,403599.0,36.959,1196897.0,-550494.0,1747391.0,35.469,5
2026-03-01,Tanqueros,M4,164555,258915.893,142736,187444.5,24672,53685.429,68.844,94360.893,-44708.5,139069.393,53.55,1
2026-03-08,Tanqueros,M4,1017482,1812411.25,42052,1312111.5,355646,375798.0,33.91,794929.25,-1270059.5,2064988.75,96.031,7
2026-03-15,Tanqueros,M4,289036,1812411.25,11780,1312111.5,252504,375798.0,9.628,1523375.25,-1300331.5,2823706.75,96.084,7
2026-03-22,Tanqueros,M4,380348,1812411.25,49314,1312111.5,222025,375798.0,13.751,1432063.25,-1262797.5,2694860.75,88.523,7
2026-03-29,Tanqueros,M4,412663,1812411.25,81212,1312111.5,304977,375798.0,15.806,1399748.25,-1230899.5,2630647.75,83.556,7
2026-04-05,Tanqueros,M4,583276,1812411.25,218749,1312111.5,437069,375798.0,25.669,1229135.25,-1093362.5,2322497.75,72.725,7
2026-04-12,Tanqueros,M4,110245,1812411.25,294211,1312111.5,239614,375798.0,12.945,1702166.25,-1017900.5,2720066.75,27.258,7
2026-04-19,Tanqueros,M4,294545,1812411.25,252526,1312111.5,236158,375798.0,17.509,1517866.25,-1059585.5,2577451.75,53.84,7
2026-04-26,Tanqueros,M4,437641,1812411.25,473297,1312111.5,320635,375798.0,29.154,1374770.25,-838814.5,2213584.75,48.043,7
2026-05-03,Tanqueros,M4,396399,1812411.25,642740,1312111.5,574845,375798.0,33.258,1416012.25,-669371.5,2085383.75,38.147,7
2026-05-10,Tanqueros,M4,219046,1812411.25,113350,1312111.5,292642,375798.0,10.638,1593365.25,-1198761.5,2792126.75,65.899,7
2026-05-17,Tanqueros,M4,452313,1812411.25,60178,1312111.5,317679,375798.0,16.402,1360098.25,-1251933.5,2612031.75,88.258,7
2026-05-24,Tanqueros,M4,363376,1812411.25,166953,1312111.5,358716,375798.0,16.973,1449035.25,-1145158.5,2594193.75,68.519,7
2026-05-31,Tanqueros,M4,386409,1812411.25,191617,1312111.5,462904,375798.0,18.5,1426002.25,-1120494.5,2546496.75,66.85,7
2026-06-07,Tanqueros,M4,3008533,1812411.25,178358,1312111.5,625209,375798.0,101.996,-1196121.75,-1133753.5,-62368.25,94.403,7
2026-06-14,Tanqueros,M4,2772826,1812411.25,233969,1312111.5,373253,375798.0,96.232,-960414.75,-1078142.5,117727.75,92.219,7
2026-06-21,Tanqueros,M4,411621,1812411.25,25164,1312111.5,367993,375798.0,13.979,1400790.25,-1286947.5,2687737.75,94.239,7
2026-06-28,Tanqueros,M4,906978,1812411.25,659381,1312111.5,482034,375798.0,50.131,905433.25,-652730.5,1558163.75,57.904,7
2026-07-05,Tanqueros,M4,600775,1812411.25,587356,1312111.5,209802,375798.0,38.026,1211636.25,-724755.5,1936391.75,50.565,7
2026-07-12,Tanqueros,M4,320183,1812411.25,563701,1312111.5,696876,375798.0,28.289,1492228.25,-748410.5,2240638.75,36.225,7
2026-07-19,Tanqueros,M4,481632,1812411.25,764145,1312111.5,334047,375798.0,39.871,1330779.25,-547966.5,1878745.75,38.661,7
2026-07-26,Tanqueros,M4,392329,1812411.25,654789,1312111.5,582060,375798.0,33.513,1420082.25,-657322.5,2077404.75,37.468,7
2026-08-02,Tanqueros,M4,488554,1812411.25,628165,1312111.5,401619,375798.0,35.74,1323857.25,-683946.5,2007803.75,43.749,7
2026-08-09,Tanqueros,M4,371380,1812411.25,622279,1312111.5,482126,375798.0,31.802,1441031.25,-689832.5,2130863.75,37.375,7
2026-08-16,Tanqueros,M4,344739,1812411.25,504064,1312111.5,450218,375798.0,27.166,1467672.25,-808047.5,2275719.75,40.615,7
2026-08-23,Tanqueros,M4,510584,1812411.25,1132167,1312111.5,266440,375798.0,52.576,1301827.25,-179944.5,1481771.75,31.081,7
2026-08-30,Tanqueros,M4,412544,1812411.25,809561,1312111.5,279887,375798.0,39.113,1399867.25,-502550.5,1902417.75,33.757,7
2026-09-06,Tanqueros,M4,407594,1812411.25,579975,1312111.5,376725,375798.0,31.607,1404817.25,-732136.5,2136953.75,41.272,7
2026-09-13,Tanqueros,M4,510817,1812411.25,1247869,1312111.5,607155,375798.0,56.287,1301594.25,-64242.5,1365836.75,29.045,7
2026-09-20,Tanqueros,M4,207756,1812411.25,1096856,1312111.5,210632,375798.0,41.754,1604655.25,-215255.5,1819910.75,15.925,7
2026-09-27,Tanqueros,M4,363359,1294579.464,661091,937222.5,216003,268427.143,45.902,931220.464,-276131.5,1207351.964,35.469,5
2026-03-01,No tanqueros,M3,695932,707767.5,63154,14416.5,45335,360133.5,105.11,11835.5,48737.5,-36902.0,91.68,1
2026-03-08,No tanqueros,M3,649450,6050752.5,16430,259232.0,1724280,1895287.0,10.553,5401302.5,-242802.0,5644104.5,97.533,7
2026-03-15,No tanqueros,M3,648940,6199121.0,41554,267921.5,551683,1679991.5,10.677,5550181.0,-226367.5,5776548.5,93.982,7
2026-03-22,No tanqueros,M3,915287,5752992.0,812,321271.5,1746849,2060504.5,15.082,4837705.0,-320459.5,5158164.5,99.911,7
2026-03-29,No tanqueros,M3,816581,5339193.5,165090,150212.5,906629,1813888.0,17.883,4522612.5,14877.5,4507735.0,83.183,7
2026-04-05,No tanqueros,M3,938382,5967150.5,349865,215627.0,2035384,2213263.5,20.836,5028768.5,134238.0,4894530.5,72.842,7
2026-04-12,No tanqueros,M3,1261070,5522230.5,744736,222504.0,1657190,2147469.5,34.916,4261160.5,522232.0,3738928.5,62.871,7
2026-04-19,No tanqueros,M3,1003307,5661344.0,432023,219247.5,2055970,1878790.5,24.408,4658037.0,212775.5,4445261.5,69.901,7
2026-04-26,No tanqueros,M3,1292025,6413033.5,595308,329452.0,1835557,2054918.0,27.992,5121008.5,265856.0,4855152.5,68.458,7
2026-05-03,No tanqueros,M3,1213268,5406814.5,541688,235894.5,2405473,1859205.0,31.101,4193546.5,305793.5,3887753.0,69.134,7
2026-05-10,No tanqueros,M3,1117540,6155207.5,479825,172365.5,2238608,2343017.5,25.245,5037667.5,307459.5,4730208.0,69.961,7
2026-05-17,No tanqueros,M3,906869,5913037.0,302677,171546.5,1871997,2259496.5,19.879,5006168.0,131130.5,4875037.5,74.976,7
2026-05-24,No tanqueros,M3,1330304,6100715.5,473306,160428.5,1669408,1654710.5,28.806,4770411.5,312877.5,4457534.0,73.758,7
2026-05-31,No tanqueros,M3,390690,5785453.5,283733,187968.5,2506157,1964778.5,11.29,5394763.5,95764.5,5298999.0,57.93,7
2026-06-07,No tanqueros,M3,1166536,5988349.0,462719,299289.0,2449662,1801657.5,25.912,4821813.0,163430.0,4658383.0,71.599,7
2026-06-14,No tanqueros,M3,1599411,5772478.5,568263,231379.5,2276762,1835475.5,36.105,4173067.5,336883.5,3836184.0,73.785,7
2026-06-21,No tanqueros,M3,1048875,4892754.5,85953,383793.0,2282904,2035940.0,21.507,3843879.5,-297840.0,4141719.5,92.426,7
2026-06-28,No tanqueros,M3,1832681,5997727.0,606251,255644.5,1928588,1947504.5,39.002,4165046.0,350606.5,3814439.5,75.143,7
2026-07-05,No tanqueros,M3,1654165,5577934.0,657906,242044.0,1605856,1897486.5,39.726,3923769.0,415862.0,3507907.0,71.545,7
2026-07-12,No tanqueros,M3,1612520,6003219.5,574957,273585.0,1550613,2157276.0,34.85,4390699.5,301372.0,4089327.5,73.716,7
2026-07-19,No tanqueros,M3,1198773,5845414.5,594294,292723.0,2424995,1775050.5,29.212,4646641.5,301571.0,4345070.5,66.856,7
2026-07-26,No tanqueros,M3,1264764,5266693.5,818553,255532.0,2112534,2074794.0,37.726,4001929.5,563021.0,3438908.5,60.709,7
2026-08-02,No tanqueros,M3,1164140,5774607.0,520475,269568.5,2282598,2261718.5,27.872,4610467.0,250906.5,4359560.5,69.104,7
2026-08-09,No tanqueros,M3,1230858,5810441.5,758285,222330.5,2142069,2180717.5,32.972,4579583.5,535954.5,4043629.0,61.879,7
2026-08-16,No tanqueros,M3,1288998,6164367.0,459183,248561.0,2201376,2008586.5,27.26,4875369.0,210622.0,4664747.0,73.734,7
2026-08-23,No tanqueros,M3,824636,6003799.0,533996,214881.5,1992474,1837736.5,21.848,5179163.0,319114.5,4860048.5,60.696,7
2026-08-30,No tanqueros,M3,1192376,5879022.0,674895,266121.0,2024566,2354501.5,30.386,4686646.0,408774.0,4277872.0,63.857,7
2026-09-06,No tanqueros,M3,1273032,5960553.0,508395,316810.5,2299411,2244170.5,28.379,4687521.0,191584.5,4495936.5,71.461,7
2026-09-13,No tanqueros,M3,1232972,6121965.5,472936,322400.0,2965289,1523600.0,26.471,4888993.5,150536.0,4738457.5,72.277,7
2026-09-20,No tanqueros,M3,1461207,6328547.5,658163,215742.5,1877975,1962735.0,32.385,4867340.5,442420.5,4424920.0,68.945,7
2026-09-27,No tanqueros,M3,891223,4799871.0,501577,133293.0,1536608,1744218.5,28.233,3908648.0,368284.0,3540364.0,63.988,5
2026-03-01,No tanqueros,M1,695932,588343.0,63154,4782.0,45335,544713.0,127.981,-107589.0,58372.0,-165961.0,91.68,1
2026-03-08,No tanqueros,M1,649450,6694882.0,16430,288549.0,1724280,2043610.0,9.535,6045432.0,-272119.0,6317551.0,97.533,7
2026-03-15,No tanqueros,M1,648940,6335817.0,41554,224375.0,551683,1590363.0,10.526,5686877.0,-182821.0,5869698.0,93.982,7
2026-03-22,No tanqueros,M1,915287,5964274.0,812,345076.0,1746849,1799614.0,14.52,5048987.0,-344264.0,5393251.0,99.911,7
2026-03-29,No tanqueros,M1,816581,5266344.0,165090,206749.0,906629,1795640.0,17.936,4449763.0,-41659.0,4491422.0,83.183,7
2026-04-05,No tanqueros,M1,938382,5816635.0,349865,235681.0,2035384,2072122.0,21.285,4878253.0,114184.0,4764069.0,72.842,7
2026-04-12,No tanqueros,M1,1261070,5468093.0,744736,268415.0,1657190,1747339.0,34.966,4207023.0,476321.0,3730702.0,62.871,7
2026-04-19,No tanqueros,M1,1003307,5861961.0,432023,389687.0,2055970,2248892.0,22.959,4858654.0,42336.0,4816318.0,69.901,7
2026-04-26,No tanqueros,M1,1292025,6567027.0,595308,186608.0,1835557,2018019.0,27.945,5275002.0,408700.0,4866302.0,68.458,7
2026-05-03,No tanqueros,M1,1213268,5439685.0,541688,329427.0,2405473,2322234.0,30.42,4226417.0,212261.0,4014156.0,69.134,7
2026-05-10,No tanqueros,M1,1117540,5704407.0,479825,174985.0,2238608,2258285.0,27.169,4586867.0,304840.0,4282027.0,69.961,7
2026-05-17,No tanqueros,M1,906869,5985041.0,302677,130271.0,1871997,2103331.0,19.779,5078172.0,172406.0,4905766.0,74.976,7
2026-05-24,No tanqueros,M1,1330304,6206237.0,473306,188982.0,1669408,1809245.0,28.202,4875933.0,284324.0,4591609.0,73.758,7
2026-05-31,No tanqueros,M1,390690,5954564.0,283733,275578.0,2506157,2199669.0,10.825,5563874.0,8155.0,5555719.0,57.93,7
2026-06-07,No tanqueros,M1,1166536,5962465.0,462719,218331.0,2449662,2408400.0,26.36,4795929.0,244388.0,4551541.0,71.599,7
2026-06-14,No tanqueros,M1,1599411,6016620.0,568263,269388.0,2276762,1929041.0,34.484,4417209.0,298875.0,4118334.0,73.785,7
2026-06-21,No tanqueros,M1,1048875,4620576.0,85953,357491.0,2282904,1970601.0,22.797,3571701.0,-271538.0,3843239.0,92.426,7
2026-06-28,No tanqueros,M1,1832681,5923790.0,606251,360118.0,1928588,2279204.0,38.812,4091109.0,246133.0,3844976.0,75.143,7
2026-07-05,No tanqueros,M1,1654165,5314462.0,657906,319704.0,1605856,2436787.0,41.037,3660297.0,338202.0,3322095.0,71.545,7
2026-07-12,No tanqueros,M1,1612520,5896819.0,574957,340421.0,1550613,2723989.0,35.071,4284299.0,234536.0,4049763.0,73.716,7
2026-07-19,No tanqueros,M1,1198773,6285891.0,594294,256331.0,2424995,1969052.0,27.408,5087118.0,337963.0,4749155.0,66.856,7
2026-07-26,No tanqueros,M1,1264764,5172970.0,818553,337600.0,2112534,2271778.0,37.806,3908206.0,480953.0,3427253.0,60.709,7
2026-08-02,No tanqueros,M1,1164140,5711368.0,520475,282150.0,2282598,2455152.0,28.107,4547228.0,238325.0,4308903.0,69.104,7
2026-08-09,No tanqueros,M1,1230858,5786844.0,758285,195352.0,2142069,2504054.0,33.251,4555986.0,562933.0,3993053.0,61.879,7
2026-08-16,No tanqueros,M1,1288998,5961555.0,459183,321985.0,2201376,2669930.0,27.822,4672557.0,137198.0,4535359.0,73.734,7
2026-08-23,No tanqueros,M1,824636,5872059.0,533996,281111.0,1992474,1894949.0,22.08,5047423.0,252885.0,4794538.0,60.696,7
2026-08-30,No tanqueros,M1,1192376,5986919.0,674895,331665.0,2024566,2432589.0,29.552,4794543.0,343230.0,4451313.0,63.857,7
2026-09-06,No tanqueros,M1,1273032,6138121.0,508395,301778.0,2299411,2255095.0,27.662,4865089.0,206617.0,4658472.0,71.461,7
2026-09-13,No tanqueros,M1,1232972,6033572.0,472936,395798.0,2965289,1711409.0,26.533,4800600.0,77138.0,4723462.0,72.277,7
2026-09-20,No tanqueros,M1,1461207,6068989.0,658163,174817.0,1877975,2187952.0,33.944,4607782.0,483346.0,4124436.0,68.945,7
2026-09-27,No tanqueros,M1,891223,3938361.0,501577,182904.0,1536608,1888712.0,33.795,3047138.0,318673.0,2728465.0,63.988,5
2026-03-01,No tanqueros,M4,695932,924401.554,63154,53313.982,45335,270519.696,77.639,228469.554,9840.018,218629.536,91.68,1
2026-03-08,No tanqueros,M4,649450,6470810.875,16430,373197.875,1724280,1893637.875,9.729,5821360.875,-356767.875,6178128.75,97.533,7
2026-03-15,No tanqueros,M4,648940,6470810.875,41554,373197.875,551683,1893637.875,10.089,5821870.875,-331643.875,6153514.75,93.982,7
2026-03-22,No tanqueros,M4,915287,6470810.875,812,373197.875,1746849,1893637.875,13.385,5555523.875,-372385.875,5927909.75,99.911,7
2026-03-29,No tanqueros,M4,816581,6470810.875,165090,373197.875,906629,1893637.875,14.344,5654229.875,-208107.875,5862337.75,83.183,7
2026-04-05,No tanqueros,M4,938382,6470810.875,349865,373197.875,2035384,1893637.875,18.823,5532428.875,-23332.875,5555761.75,72.842,7
2026-04-12,No tanqueros,M4,1261070,6470810.875,744736,373197.875,1657190,1893637.875,29.307,5209740.875,371538.125,4838202.75,62.871,7
2026-04-19,No tanqueros,M4,1003307,6470810.875,432023,373197.875,2055970,1893637.875,20.972,5467503.875,58825.125,5408678.75,69.901,7
2026-04-26,No tanqueros,M4,1292025,6470810.875,595308,373197.875,1835557,1893637.875,27.576,5178785.875,222110.125,4956675.75,68.458,7
2026-05-03,No tanqueros,M4,1213268,6470810.875,541688,373197.875,2405473,1893637.875,25.642,5257542.875,168490.125,5089052.75,69.134,7
2026-05-10,No tanqueros,M4,1117540,6470810.875,479825,373197.875,2238608,1893637.875,23.34,5353270.875,106627.125,5246643.75,69.961,7
2026-05-17,No tanqueros,M4,906869,6470810.875,302677,373197.875,1871997,1893637.875,17.673,5563941.875,-70520.875,5634462.75,74.976,7
2026-05-24,No tanqueros,M4,1330304,6470810.875,473306,373197.875,1669408,1893637.875,26.353,5140506.875,100108.125,5040398.75,73.758,7
2026-05-31,No tanqueros,M4,390690,6470810.875,283733,373197.875,2506157,1893637.875,9.854,6080120.875,-89464.875,6169585.75,57.93,7
2026-06-07,No tanqueros,M4,1166536,6470810.875,462719,373197.875,2449662,1893637.875,23.806,5304274.875,89521.125,5214753.75,71.599,7
2026-06-14,No tanqueros,M4,1599411,6470810.875,568263,373197.875,2276762,1893637.875,31.673,4871399.875,195065.125,4676334.75,73.785,7
2026-06-21,No tanqueros,M4,1048875,6470810.875,85953,373197.875,2282904,1893637.875,16.581,5421935.875,-287244.875,5709180.75,92.426,7
2026-06-28,No tanqueros,M4,1832681,6470810.875,606251,373197.875,1928588,1893637.875,35.636,4638129.875,233053.125,4405076.75,75.143,7
2026-07-05,No tanqueros,M4,1654165,6470810.875,657906,373197.875,1605856,1893637.875,33.782,4816645.875,284708.125,4531937.75,71.545,7
2026-07-12,No tanqueros,M4,1612520,6470810.875,574957,373197.875,1550613,1893637.875,31.962,4858290.875,201759.125,4656531.75,73.716,7
2026-07-19,No tanqueros,M4,1198773,6470810.875,594294,373197.875,2424995,1893637.875,26.199,5272037.875,221096.125,5050941.75,66.856,7
2026-07-26,No tanqueros,M4,1264764,6470810.875,818553,373197.875,2112534,1893637.875,30.44,5206046.875,445355.125,4760691.75,60.709,7
2026-08-02,No tanqueros,M4,1164140,6470810.875,520475,373197.875,2282598,1893637.875,24.614,5306670.875,147277.125,5159393.75,69.104,7
2026-08-09,No tanqueros,M4,1230858,6470810.875,758285,373197.875,2142069,1893637.875,29.064,5239952.875,385087.125,4854865.75,61.879,7
2026-08-16,No tanqueros,M4,1288998,6470810.875,459183,373197.875,2201376,1893637.875,25.543,5181812.875,85985.125,5095827.75,73.734,7
2026-08-23,No tanqueros,M4,824636,6470810.875,533996,373197.875,1992474,1893637.875,19.851,5646174.875,160798.125,5485376.75,60.696,7
2026-08-30,No tanqueros,M4,1192376,6470810.875,674895,373197.875,2024566,1893637.875,27.283,5278434.875,301697.125,4976737.75,63.857,7
2026-09-06,No tanqueros,M4,1273032,6470810.875,508395,373197.875,2299411,1893637.875,26.029,5197778.875,135197.125,5062581.75,71.461,7
2026-09-13,No tanqueros,M4,1232972,6470810.875,472936,373197.875,2965289,1893637.875,24.926,5237838.875,99738.125,5138100.75,72.277,7
2026-09-20,No tanqueros,M4,1461207,6470810.875,658163,373197.875,1877975,1893637.875,30.967,5009603.875,284965.125,4724638.75,68.945,7
2026-09-27,No tanqueros,M4,891223,4622007.768,501577,266569.911,1536608,1352598.482,28.491,3730784.768,235007.089,3495777.679,63.988,5
2026-03-01,Total,M3,860487,1150229.0,205890,205177.5,70007,415042.0,78.676,289742.0,712.5,289029.5,80.693,1
2026-03-08,Total,M3,1666932,8195200.5,58482,1791265.0,2079926,2327237.0,17.278,6528268.5,-1732783.0,8261051.5,96.611,7
2026-03-15,Total,M3,937976,8557049.5,53334,1837447.0,804187,2062508.0,9.537,7619073.5,-1784113.0,9403186.5,94.62,7
2026-03-22,Total,M3,1295635,8220314.0,50126,1807382.5,1968874,2357352.5,13.42,6924679.0,-1757256.5,8681935.5,96.275,7
2026-03-29,Total,M3,1229244,7344855.0,246302,1527934.5,1211606,2271652.0,16.63,6115611.0,-1281632.5,7397243.5,83.308,7
2026-04-05,Total,M3,1521658,8726129.5,568614,1773083.5,2472453,2660923.5,19.909,7204471.5,-1204469.5,8408941.0,72.797,7
2026-04-12,Total,M3,1371315,7094103.5,1038947,1618142.0,1896804,2552381.0,27.665,5722788.5,-579195.0,6301983.5,56.895,7
2026-04-19,Total,M3,1297852,7663427.5,684549,1387525.0,2292128,2209818.5,21.903,6365575.5,-702976.0,7068551.5,65.469,7
2026-04-26,Total,M3,1729666,8327667.5,1068605,1795963.5,2156192,2584030.0,27.641,6598001.5,-727358.5,7325360.0,61.812,7
2026-05-03,Total,M3,1609667,7177361.0,1184428,1733581.5,2980318,2447277.0,31.356,5567694.0,-549153.5,6116847.5,57.61,7
2026-05-10,Total,M3,1336586,8398565.0,593175,1677628.0,2531250,2836998.5,19.152,7061979.0,-1084453.0,8146432.0,69.262,7
2026-05-17,Total,M3,1359182,8028664.5,362855,1679001.0,2189676,2579016.0,17.739,6669482.5,-1316146.0,7985628.5,78.929,7
2026-05-24,Total,M3,1693680,8481982.5,640259,1733079.0,2028124,2255350.0,22.848,6788302.5,-1092820.0,7881122.5,72.567,7
2026-05-31,Total,M3,777099,7797394.5,475350,1551449.0,2969061,2536225.0,13.397,7020295.5,-1076099.0,8096394.5,62.046,7
2026-06-07,Total,M3,4175069,7742144.5,641077,1883359.5,3074871,2273468.5,50.035,3567075.5,-1242282.5,4809358.0,86.689,7
2026-06-14,Total,M3,4372237,8172265.5,802232,1668080.0,2650015,2236698.5,52.584,3800028.5,-865848.0,4665876.5,84.496,7
2026-06-21,Total,M3,1460496,7147956.5,111117,2081370.0,2650897,2497053.5,17.028,5687460.5,-1970253.0,7657713.5,92.93,7
2026-06-28,Total,M3,2739659,8078152.0,1265632,1560208.5,2410622,2630965.0,41.556,5338493.0,-294576.5,5633069.5,68.401,7
2026-07-05,Total,M3,2254940,7483964.0,1245262,1667787.0,1815658,2376983.5,38.246,5229024.0,-422525.0,5651549.0,64.423,7
2026-07-12,Total,M3,1932703,8735600.5,1138658,1824223.0,2247489,2693782.5,29.085,6802897.5,-685565.0,7488462.5,62.927,7
2026-07-19,Total,M3,1680405,8008753.5,1358439,1659330.0,2759042,2248060.5,31.432,6328348.5,-300891.0,6629239.5,55.298,7
2026-07-26,Total,M3,1657093,7527746.5,1473342,1522146.5,2694594,2724834.0,34.591,5870653.5,-48804.5,5919458.0,52.935,7
2026-08-02,Total,M3,1652694,7768189.5,1148640,1644232.0,2684217,2805899.5,29.762,6115495.5,-495592.0,6611087.5,58.997,7
2026-08-09,Total,M3,1602238,7953493.5,1380564,1622513.0,2624195,2782798.5,31.149,6351255.5,-241949.0,6593204.5,53.716,7
2026-08-16,Total,M3,1633737,8179165.5,963247,1942739.5,2651594,2577347.5,25.657,6545428.5,-979492.5,7524921.0,62.909,7
2026-08-23,Total,M3,1335220,8361548.0,1666163,1765333.5,2258914,2373922.5,29.638,7026328.0,-99170.5,7125498.5,44.487,7
2026-08-30,Total,M3,1604920,8286544.0,1484456,1796161.0,2304453,2883901.5,30.64,6681624.0,-311705.0,6993329.0,51.95,7
2026-09-06,Total,M3,1680626,8047365.5,1088370,1816271.5,2676136,2666023.0,28.073,6366739.5,-727901.5,7094641.0,60.694,7
2026-09-13,Total,M3,1743789,8599187.5,1720805,1895046.0,3572444,1937953.5,33.014,6855398.5,-174241.0,7029639.5,50.332,7
2026-09-20,Total,M3,1668963,8847307.0,1755019,1588765.0,2088607,2550814.0,32.809,7178344.0,166254.0,7012090.0,48.743,7
2026-09-27,Total,M3,1254582,6582970.5,1162668,1289801.5,1752611,2139344.5,30.704,5328388.5,-127133.5,5455522.0,51.901,5
2026-03-01,Total,M1,860487,831176.0,205890,124683.0,70007,605592.0,111.562,-29311.0,81207.0,-110518.0,80.693,1
2026-03-08,Total,M1,1666932,8538050.0,58482,1737020.0,2079926,2552471.0,16.792,6871118.0,-1678538.0,8549656.0,96.611,7
2026-03-15,Total,M1,937976,8285410.0,53334,1880397.0,804187,1894836.0,9.751,7347434.0,-1827063.0,9174497.0,94.62,7
2026-03-22,Total,M1,1295635,8220563.0,50126,1847349.0,1968874,2090115.0,13.367,6924928.0,-1797223.0,8722151.0,96.275,7
2026-03-29,Total,M1,1229244,7026014.0,246302,1897816.0,1211606,2304750.0,16.535,5796770.0,-1651514.0,7448284.0,83.308,7
2026-04-05,Total,M1,1521658,8398895.0,568614,1587887.0,2472453,2538086.0,20.93,6877237.0,-1019273.0,7896510.0,72.797,7
2026-04-12,Total,M1,1371315,6814905.0,1038947,1571230.0,1896804,2127652.0,28.741,5443590.0,-532283.0,5975873.0,56.895,7
2026-04-19,Total,M1,1297852,8066947.0,684549,1702378.0,2292128,2589056.0,20.292,6769095.0,-1017829.0,7786924.0,65.469,7
2026-04-26,Total,M1,1729666,8552654.0,1068605,1284400.0,2156192,2716891.0,28.446,6822988.0,-215795.0,7038783.0,61.812,7
2026-05-03,Total,M1,1609667,7082234.0,1184428,1691407.0,2980318,2787537.0,31.846,5472567.0,-506979.0,5979546.0,57.61,7
2026-05-10,Total,M1,1336586,7788026.0,593175,1484187.0,2531250,2635929.0,20.812,6451440.0,-891012.0,7342452.0,69.262,7
2026-05-17,Total,M1,1359182,7917416.0,362855,1487684.0,2189676,2506698.0,18.31,6558234.0,-1124829.0,7683063.0,78.929,7
2026-05-24,Total,M1,1693680,8110867.0,640259,1646853.0,2028124,2720601.0,23.919,6417187.0,-1006594.0,7423781.0,72.567,7
2026-05-31,Total,M1,777099,7871156.0,475350,1564173.0,2969061,2785361.0,13.274,7094057.0,-1088823.0,8182880.0,62.046,7
2026-06-07,Total,M1,4175069,7450242.0,641077,2111250.0,3074871,2837304.0,50.37,3275173.0,-1470173.0,4745346.0,86.689,7
2026-06-14,Total,M1,4372237,8116706.0,802232,1695626.0,2650015,2452640.0,52.734,3744469.0,-893394.0,4637863.0,84.496,7
2026-06-21,Total,M1,1460496,7176239.0,111117,1972613.0,2650897,2425573.0,17.178,5715743.0,-1861496.0,7577239.0,92.93,7
2026-06-28,Total,M1,2739659,7666979.0,1265632,1674311.0,2410622,3107954.0,42.877,4927320.0,-408679.0,5335999.0,68.401,7
2026-07-05,Total,M1,2254940,6999667.0,1245262,1708569.0,1815658,2990252.0,40.194,4744727.0,-463307.0,5208034.0,64.423,7
2026-07-12,Total,M1,1932703,8876019.0,1138658,1726180.0,2247489,3340296.0,28.969,6943316.0,-587522.0,7530838.0,62.927,7
2026-07-19,Total,M1,1680405,8307594.0,1358439,1599611.0,2759042,2383793.0,30.673,6627189.0,-241172.0,6868361.0,55.298,7
2026-07-26,Total,M1,1657093,7614850.0,1473342,1611005.0,2694594,2911547.0,33.931,5957757.0,-137663.0,6095420.0,52.935,7
2026-08-02,Total,M1,1652694,7702418.0,1148640,1504155.0,2684217,3050995.0,30.428,6049724.0,-355515.0,6405239.0,58.997,7
2026-08-09,Total,M1,1602238,7742612.0,1380564,1563353.0,2624195,3152621.0,32.053,6140374.0,-182789.0,6323163.0,53.716,7
2026-08-16,Total,M1,1633737,8071367.0,963247,1957778.0,2651594,3235827.0,25.894,6437630.0,-994531.0,7432161.0,62.909,7
2026-08-23,Total,M1,1335220,8210306.0,1666163,1670405.0,2258914,2470639.0,30.376,6875086.0,-4242.0,6879328.0,44.487,7
2026-08-30,Total,M1,1604920,8314403.0,1484456,1881123.0,2304453,2861287.0,30.301,6709483.0,-396667.0,7106150.0,51.95,7
2026-09-06,Total,M1,1680626,8233851.0,1088370,1739308.0,2676136,2671155.0,27.764,6553225.0,-650938.0,7204163.0,60.694,7
2026-09-13,Total,M1,1743789,8208540.0,1720805,1864704.0,3572444,2070555.0,34.394,6464751.0,-143899.0,6608650.0,50.332,7
2026-09-20,Total,M1,1668963,8791332.0,1755019,1414565.0,2088607,2811412.0,33.549,7122369.0,340454.0,6781915.0,48.743,7
2026-09-27,Total,M1,1254582,5498617.0,1162668,1394489.0,1752611,2292311.0,35.068,4244035.0,-231821.0,4475856.0,51.901,5
2026-03-01,Total,M4,860487,1183317.446,205890,240758.482,70007,324205.125,74.882,322830.446,-34868.482,357698.929,80.693,1
2026-03-08,Total,M4,1666932,8283222.125,58482,1685309.375,2079926,2269435.875,17.309,6616290.125,-1626827.375,8243117.5,96.611,7
2026-03-15,Total,M4,937976,8283222.125,53334,1685309.375,804187,2269435.875,9.944,7345246.125,-1631975.375,8977221.5,94.62,7
2026-03-22,Total,M4,1295635,8283222.125,50126,1685309.375,1968874,2269435.875,13.5,6987587.125,-1635183.375,8622770.5,96.275,7
2026-03-29,Total,M4,1229244,8283222.125,246302,1685309.375,1211606,2269435.875,14.802,7053978.125,-1439007.375,8492985.5,83.308,7
2026-04-05,Total,M4,1521658,8283222.125,568614,1685309.375,2472453,2269435.875,20.969,6761564.125,-1116695.375,7878259.5,72.797,7
2026-04-12,Total,M4,1371315,8283222.125,1038947,1685309.375,1896804,2269435.875,24.179,6911907.125,-646362.375,7558269.5,56.895,7
2026-04-19,Total,M4,1297852,8283222.125,684549,1685309.375,2292128,2269435.875,19.887,6985370.125,-1000760.375,7986130.5,65.469,7
2026-04-26,Total,M4,1729666,8283222.125,1068605,1685309.375,2156192,2269435.875,28.071,6553556.125,-616704.375,7170260.5,61.812,7
2026-05-03,Total,M4,1609667,8283222.125,1184428,1685309.375,2980318,2269435.875,28.029,6673555.125,-500881.375,7174436.5,57.61,7
2026-05-10,Total,M4,1336586,8283222.125,593175,1685309.375,2531250,2269435.875,19.359,6946636.125,-1092134.375,8038770.5,69.262,7
2026-05-17,Total,M4,1359182,8283222.125,362855,1685309.375,2189676,2269435.875,17.275,6924040.125,-1322454.375,8246494.5,78.929,7
2026-05-24,Total,M4,1693680,8283222.125,640259,1685309.375,2028124,2269435.875,23.413,6589542.125,-1045050.375,7634592.5,72.567,7
2026-05-31,Total,M4,777099,8283222.125,475350,1685309.375,2969061,2269435.875,12.564,7506123.125,-1209959.375,8716082.5,62.046,7
2026-06-07,Total,M4,4175069,8283222.125,641077,1685309.375,3074871,2269435.875,48.313,4108153.125,-1044232.375,5152385.5,86.689,7
2026-06-14,Total,M4,4372237,8283222.125,802232,1685309.375,2650015,2269435.875,51.908,3910985.125,-883077.375,4794062.5,84.496,7
2026-06-21,Total,M4,1460496,8283222.125,111117,1685309.375,2650897,2269435.875,15.766,6822726.125,-1574192.375,8396918.5,92.93,7
2026-06-28,Total,M4,2739659,8283222.125,1265632,1685309.375,2410622,2269435.875,40.179,5543563.125,-419677.375,5963240.5,68.401,7
2026-07-05,Total,M4,2254940,8283222.125,1245262,1685309.375,1815658,2269435.875,35.113,6028282.125,-440047.375,6468329.5,64.423,7
2026-07-12,Total,M4,1932703,8283222.125,1138658,1685309.375,2247489,2269435.875,30.811,6350519.125,-546651.375,6897170.5,62.927,7
2026-07-19,Total,M4,1680405,8283222.125,1358439,1685309.375,2759042,2269435.875,30.484,6602817.125,-326870.375,6929687.5,55.298,7
2026-07-26,Total,M4,1657093,8283222.125,1473342,1685309.375,2694594,2269435.875,31.403,6626129.125,-211967.375,6838096.5,52.935,7
2026-08-02,Total,M4,1652694,8283222.125,1148640,1685309.375,2684217,2269435.875,28.102,6630528.125,-536669.375,7167197.5,58.997,7
2026-08-09,Total,M4,1602238,8283222.125,1380564,1685309.375,2624195,2269435.875,29.922,6680984.125,-304745.375,6985729.5,53.716,7
2026-08-16,Total,M4,1633737,8283222.125,963247,1685309.375,2651594,2269435.875,26.052,6649485.125,-722062.375,7371547.5,62.909,7
2026-08-23,Total,M4,1335220,8283222.125,1666163,1685309.375,2258914,2269435.875,30.109,6948002.125,-19146.375,6967148.5,44.487,7
2026-08-30,Total,M4,1604920,8283222.125,1484456,1685309.375,2304453,2269435.875,30.991,6678302.125,-200853.375,6879155.5,51.95,7
2026-09-06,Total,M4,1680626,8283222.125,1088370,1685309.375,2676136,2269435.875,27.777,6602596.125,-596939.375,7199535.5,60.694,7
2026-09-13,Total,M4,1743789,8283222.125,1720805,1685309.375,3572444,2269435.875,34.755,6539433.125,35495.625,6503937.5,50.332,7
2026-09-20,Total,M4,1668963,8283222.125,1755019,1685309.375,2088607,2269435.875,34.348,6614259.125,69709.625,6544549.5,48.743,7
2026-09-27,Total,M4,1254582,5916587.232,1162668,1203792.411,1752611,1621025.625,33.948,4662005.232,-41124.411,4703129.643,51.901,5
